ANO_ELEICAO;SG_UF;NM_MUNICIPIO;DS_CARGO;NM_VOTAVEL;SG_PARTIDO;DS_SIT_TOT_TURNO;NR_TURNO;QT_VOTOS;PCT_VOTOS;ELEITO
2018;DF;BRASÍLIA;Deputado Distrital;ABADIA SANTAREM ;REDE;SUPLENTE;1;1727;0.12;NAO
2018;DF;BRASÍLIA;Deputado Distrital;ABEL DUARTE;PHS;SUPLENTE;1;212;0.01;NAO
2018;DF;BRASÍLIA;Deputado Distrital;ADELMO PAPAI SMURF;PRP;SUPLENTE;1;299;0.02;NAO
2018;DF;BRASÍLIA;Deputado Distrital;ADHARA CAMPOS;PV;SUPLENTE;1;1232;0.09;NAO
2018;DF;BRASÍLIA;Deputado Distrital;ADIBE MECANICO;PV;SUPLENTE;1;234;0.02;NAO
2018;DF;BRASÍLIA;Deputado Distrital;ADILSON NUNES;REDE;SUPLENTE;1;287;0.02;NAO
2018;DF;BRASÍLIA;Deputado Distrital;ADOLPHO FUICA;REDE;SUPLENTE;1;445;0.03;NAO
2018;DF;BRASÍLIA;Deputado Distrital;ADRIANA GLORIA;AVANTE;SUPLENTE;1;66;0.0;NAO
2018;DF;BRASÍLIA;Deputado Distrital;ADRIANA LOURENÇO;PROS;SUPLENTE;1;190;0.01;NAO
2018;DF;BRASÍLIA;Deputado Distrital;ADRIANO ARAÚJO;SOLIDARIEDADE;SUPLENTE;1;796;0.06;NAO
2018;DF;BRASÍLIA;Deputado Distrital;ADRIANO AZEVEDO;PTC;SUPLENTE;1;902;0.06;NAO
2018;DF;BRASÍLIA;Deputado Distrital;ADRIANO MARROCOS;PSD;SUPLENTE;1;1610;0.11;NAO
2018;DF;BRASÍLIA;Deputado Distrital;AGACIEL MAIA;PR;ELEITO POR QP;1;17715;1.25;SIM
2018;DF;BRASÍLIA;Deputado Distrital;AGENILDO NERI;PRB;SUPLENTE;1;2283;0.16;NAO
2018;DF;BRASÍLIA;Deputado Distrital;AGNALDO ROMEIRO;PPS;NÃO ELEITO;1;369;0.03;NAO
2018;DF;BRASÍLIA;Deputado Distrital;AILTON MIRANDA;PTC;SUPLENTE;1;3736;0.26;NAO
2018;DF;BRASÍLIA;Deputado Distrital;AIRAM;PTB;SUPLENTE;1;225;0.02;NAO
2018;DF;BRASÍLIA;Deputado Distrital;AKILLA MARINHO;AVANTE;SUPLENTE;1;461;0.03;NAO
2018;DF;BRASÍLIA;Deputado Distrital;ALDEMIO OGLIARI;PT;SUPLENTE;1;482;0.03;NAO
2018;DF;BRASÍLIA;Deputado Distrital;ALDEMIR DOMICIO;PC do B;SUPLENTE;1;1470;0.1;NAO
2018;DF;BRASÍLIA;Deputado Distrital;ALDOVRANDO TORRES;PPS;NÃO ELEITO;1;316;0.02;NAO
2018;DF;BRASÍLIA;Deputado Distrital;ALESSANDRA GOMES;PMN;SUPLENTE;1;251;0.02;NAO
2018;DF;BRASÍLIA;Deputado Distrital;ALESSANDRO PAIVA;PSB;SUPLENTE;1;8042;0.57;NAO
2018;DF;BRASÍLIA;Deputado Distrital;ALEX NEVES;PTB;SUPLENTE;1;646;0.05;NAO
2018;DF;BRASÍLIA;Deputado Distrital;ALEXANDRE MORAIS;PATRI;NÃO ELEITO;1;293;0.02;NAO
2018;DF;BRASÍLIA;Deputado Distrital;ALEXANDRE TOTA;PRB;SUPLENTE;1;974;0.07;NAO
2018;DF;BRASÍLIA;Deputado Distrital;ALEXANDRE YANEZ;PP;SUPLENTE;1;4549;0.32;NAO
2018;DF;BRASÍLIA;Deputado Distrital;ALFREDO JUNIOR;AVANTE;SUPLENTE;1;441;0.03;NAO
2018;DF;BRASÍLIA;Deputado Distrital;ALINE;DEM;NÃO ELEITO;1;53;0.0;NAO
2018;DF;BRASÍLIA;Deputado Distrital;ALINE CABRAL;PSL;NÃO ELEITO;1;2383;0.17;NAO
2018;DF;BRASÍLIA;Deputado Distrital;ALINNE MARQUES;PPL;NÃO ELEITO;1;899;0.06;NAO
2018;DF;BRASÍLIA;Deputado Distrital;ALLAN FREIRE;NOVO;SUPLENTE;1;3375;0.24;NAO
2018;DF;BRASÍLIA;Deputado Distrital;ALLISSON RENOVAÇÃO;PT;SUPLENTE;1;92;0.01;NAO
2018;DF;BRASÍLIA;Deputado Distrital;ALMACHIO ROCHA;PSL;NÃO ELEITO;1;595;0.04;NAO
2018;DF;BRASÍLIA;Deputado Distrital;ALTINO TORNEIRO;PSD;SUPLENTE;1;130;0.01;NAO
2018;DF;BRASÍLIA;Deputado Distrital;ALZIRA FOLHA;PSB;SUPLENTE;1;1480;0.1;NAO
2018;DF;BRASÍLIA;Deputado Distrital;AMAZONICA BRASIL;PROS;SUPLENTE;1;347;0.02;NAO
2018;DF;BRASÍLIA;Deputado Distrital;ANA LUIZA;PRB;SUPLENTE;1;1762;0.12;NAO
2018;DF;BRASÍLIA;Deputado Distrital;ANA MARIA;PP;SUPLENTE;1;1691;0.12;NAO
2018;DF;BRASÍLIA;Deputado Distrital;ANA PAULA GUEDES;PRB;SUPLENTE;1;445;0.03;NAO
2018;DF;BRASÍLIA;Deputado Distrital;ANA ROSA;REDE;SUPLENTE;1;310;0.02;NAO
2018;DF;BRASÍLIA;Deputado Distrital;ANA SALES;PRB;SUPLENTE;1;943;0.07;NAO
2018;DF;BRASÍLIA;Deputado Distrital;ANCHIETA JR;PTC;SUPLENTE;1;224;0.02;NAO
2018;DF;BRASÍLIA;Deputado Distrital;ANDERSON FABRICIO;PR;SUPLENTE;1;145;0.01;NAO
2018;DF;BRASÍLIA;Deputado Distrital;ANDERSON FONSECA;PSD;SUPLENTE;1;221;0.02;NAO
2018;DF;BRASÍLIA;Deputado Distrital;ANDERSON LOPES;PATRI;NÃO ELEITO;1;94;0.01;NAO
2018;DF;BRASÍLIA;Deputado Distrital;ANDERSON MANTEIGA;PR;SUPLENTE;1;101;0.01;NAO
2018;DF;BRASÍLIA;Deputado Distrital;ANDERSON MEDINA;PP;SUPLENTE;1;9604;0.68;NAO
2018;DF;BRASÍLIA;Deputado Distrital;ANDERSON SANTOS;PRP;SUPLENTE;1;572;0.04;NAO
2018;DF;BRASÍLIA;Deputado Distrital;ANDERSON SENTO;PR;SUPLENTE;1;98;0.01;NAO
2018;DF;BRASÍLIA;Deputado Distrital;ANDRE KALLAGRI;PMN;SUPLENTE;1;199;0.01;NAO
2018;DF;BRASÍLIA;Deputado Distrital;ANDRE MATTAR;PR;SUPLENTE;1;738;0.05;NAO
2018;DF;BRASÍLIA;Deputado Distrital;ANDREA BORGES;PRTB;SUPLENTE;1;101;0.01;NAO
2018;DF;BRASÍLIA;Deputado Distrital;ANDREA MENDES;PV;SUPLENTE;1;210;0.01;NAO
2018;DF;BRASÍLIA;Deputado Distrital;ANDREA QUADROS;NOVO;SUPLENTE;1;1844;0.13;NAO
2018;DF;BRASÍLIA;Deputado Distrital;ANDREIA BANDEIRA;PPL;NÃO ELEITO;1;488;0.03;NAO
2018;DF;BRASÍLIA;Deputado Distrital;ANDRÉ BRANDÃO;PODE;SUPLENTE;1;4537;0.32;NAO
2018;DF;BRASÍLIA;Deputado Distrital;ANDRÉ LIMA;REDE;SUPLENTE;1;3595;0.25;NAO
2018;DF;BRASÍLIA;Deputado Distrital;ANDRÉ LUIZ;MDB;SUPLENTE;1;879;0.06;NAO
2018;DF;BRASÍLIA;Deputado Distrital;ANDRÉ MARTINS ;PPS;NÃO ELEITO;1;613;0.04;NAO
2018;DF;BRASÍLIA;Deputado Distrital;ANDRÉ QUEIROZ;PMN;SUPLENTE;1;2158;0.15;NAO
2018;DF;BRASÍLIA;Deputado Distrital;ANDRÉ SILVA;PSC;SUPLENTE;1;807;0.06;NAO
2018;DF;BRASÍLIA;Deputado Distrital;ANDYARA;PPS;NÃO ELEITO;1;80;0.01;NAO
2018;DF;BRASÍLIA;Deputado Distrital;ANGELA AUGUSTO;PSC;SUPLENTE;1;27;0.0;NAO
2018;DF;BRASÍLIA;Deputado Distrital;ANGELA TEIXEIRA;AVANTE;SUPLENTE;1;537;0.04;NAO
2018;DF;BRASÍLIA;Deputado Distrital;ANINHA;PSB;SUPLENTE;1;236;0.02;NAO
2018;DF;BRASÍLIA;Deputado Distrital;ANINHA DA AUTOESCOLA;PDT;SUPLENTE;1;1381;0.1;NAO
2018;DF;BRASÍLIA;Deputado Distrital;ANTONIO CRISPIM;PR;SUPLENTE;1;312;0.02;NAO
2018;DF;BRASÍLIA;Deputado Distrital;ANTONIO DA FEIRA;PROS;SUPLENTE;1;312;0.02;NAO
2018;DF;BRASÍLIA;Deputado Distrital;ANTONIO DO LIVRO;PROS;SUPLENTE;1;301;0.02;NAO
2018;DF;BRASÍLIA;Deputado Distrital;ANTONIO MENDES;PODE;SUPLENTE;1;144;0.01;NAO
2018;DF;BRASÍLIA;Deputado Distrital;ANTÔNIO CARLOS;PODE;SUPLENTE;1;429;0.03;NAO
2018;DF;BRASÍLIA;Deputado Distrital;ANTÔNIO FISCAL;SOLIDARIEDADE;SUPLENTE;1;444;0.03;NAO
2018;DF;BRASÍLIA;Deputado Distrital;ARAGÃO;PSD;SUPLENTE;1;38;0.0;NAO
2018;DF;BRASÍLIA;Deputado Distrital;ARGENTINO SOUTO;PROS;SUPLENTE;1;369;0.03;NAO
2018;DF;BRASÍLIA;Deputado Distrital;ARI SUSHI;PTB;SUPLENTE;1;95;0.01;NAO
2018;DF;BRASÍLIA;Deputado Distrital;ARLETE SAMPAIO;PT;ELEITO POR MÉDIA;1;15537;1.1;SIM
2018;DF;BRASÍLIA;Deputado Distrital;ASSIS DA SAÚDE;PMB;NÃO ELEITO;1;17;0.0;NAO
2018;DF;BRASÍLIA;Deputado Distrital;ASSIS FERNANDES;PSDB;NÃO ELEITO;1;275;0.02;NAO
2018;DF;BRASÍLIA;Deputado Distrital;ATAILDES OLIVEIRA;PP;SUPLENTE;1;1084;0.08;NAO
2018;DF;BRASÍLIA;Deputado Distrital;AUDITOR PAULO MARTINS;AVANTE;SUPLENTE;1;1384;0.1;NAO
2018;DF;BRASÍLIA;Deputado Distrital;AURINDO SILVA;DEM;NÃO ELEITO;1;186;0.01;NAO
2018;DF;BRASÍLIA;Deputado Distrital;AZAMBUJA;REDE;SUPLENTE;1;292;0.02;NAO
2018;DF;BRASÍLIA;Deputado Distrital;BA SALAZAR;PR;SUPLENTE;1;114;0.01;NAO
2018;DF;BRASÍLIA;Deputado Distrital;BABY FACE;PSC;SUPLENTE;1;315;0.02;NAO
2018;DF;BRASÍLIA;Deputado Distrital;BAIANO TEM;PSC;SUPLENTE;1;54;0.0;NAO
2018;DF;BRASÍLIA;Deputado Distrital;BALAGÃO;MDB;SUPLENTE;1;86;0.01;NAO
2018;DF;BRASÍLIA;Deputado Distrital;BALTAZAR;REDE;SUPLENTE;1;1390;0.1;NAO
2018;DF;BRASÍLIA;Deputado Distrital;BARBARA ANJOS;PROS;SUPLENTE;1;91;0.01;NAO
2018;DF;BRASÍLIA;Deputado Distrital;BATISTA NETO;PTB;SUPLENTE;1;132;0.01;NAO
2018;DF;BRASÍLIA;Deputado Distrital;BEBETO DA COMUNIDADE;PSB;SUPLENTE;1;83;0.01;NAO
2018;DF;BRASÍLIA;Deputado Distrital;BEBÉ SANTANA;PPS;NÃO ELEITO;1;365;0.03;NAO
2018;DF;BRASÍLIA;Deputado Distrital;BELLO PILÃO DE OURO;PSC;SUPLENTE;1;398;0.03;NAO
2018;DF;BRASÍLIA;Deputado Distrital;BENA DOMINGOS;PTC;SUPLENTE;1;1528;0.11;NAO
2018;DF;BRASÍLIA;Deputado Distrital;BENEDITO DA VOZINHA;PATRI;NÃO ELEITO;1;3703;0.26;NAO
2018;DF;BRASÍLIA;Deputado Distrital;BENEDITO GALVAO;PR;SUPLENTE;1;42;0.0;NAO
2018;DF;BRASÍLIA;Deputado Distrital;BENÉ ADELINO;PDT;SUPLENTE;1;456;0.03;NAO
2018;DF;BRASÍLIA;Deputado Distrital;BERNARDETH MARTINS;PP;SUPLENTE;1;421;0.03;NAO
2018;DF;BRASÍLIA;Deputado Distrital;BERNARDO WERNIK;MDB;SUPLENTE;1;338;0.02;NAO
2018;DF;BRASÍLIA;Deputado Distrital;BETH CARDOSO;PR;SUPLENTE;1;62;0.0;NAO
2018;DF;BRASÍLIA;Deputado Distrital;BETH RIBEIRO;NOVO;SUPLENTE;1;543;0.04;NAO
2018;DF;BRASÍLIA;Deputado Distrital;BETH SCOFIELD;PR;SUPLENTE;1;82;0.01;NAO
2018;DF;BRASÍLIA;Deputado Distrital;BETO RIBEIRO;PPL;NÃO ELEITO;1;631;0.04;NAO
2018;DF;BRASÍLIA;Deputado Distrital;BILL;PROS;SUPLENTE;1;1791;0.13;NAO
2018;DF;BRASÍLIA;Deputado Distrital;BINO ARCANJO;PHS;SUPLENTE;1;292;0.02;NAO
2018;DF;BRASÍLIA;Deputado Distrital;BISMARCK UBER, CABIFY E 99;AVANTE;SUPLENTE;1;118;0.01;NAO
2018;DF;BRASÍLIA;Deputado Distrital;BISPO RENATO ANDRADE;PR;SUPLENTE;1;10692;0.76;NAO
2018;DF;BRASÍLIA;Deputado Distrital;BITO RAMOS;PTC;SUPLENTE;1;468;0.03;NAO
2018;DF;BRASÍLIA;Deputado Distrital;BOCAIÚVA;MDB;SUPLENTE;1;433;0.03;NAO
2018;DF;BRASÍLIA;Deputado Distrital;BOLIVAR ROCHA;AVANTE;SUPLENTE;1;782;0.06;NAO
2018;DF;BRASÍLIA;Deputado Distrital;BRUNA AUGUSTO;PMN;SUPLENTE;1;477;0.03;NAO
2018;DF;BRASÍLIA;Deputado Distrital;BRUNA DE SOUZA;MDB;SUPLENTE;1;860;0.06;NAO
2018;DF;BRASÍLIA;Deputado Distrital;BRUNO CAPELLI;PMB;NÃO ELEITO;1;97;0.01;NAO
2018;DF;BRASÍLIA;Deputado Distrital;CACÁ SILVA;PRP;SUPLENTE;1;352;0.02;NAO
2018;DF;BRASÍLIA;Deputado Distrital;CAIO CÉSAR;PRP;SUPLENTE;1;1862;0.13;NAO
2018;DF;BRASÍLIA;Deputado Distrital;CAIXETA;NOVO;SUPLENTE;1;2719;0.19;NAO
2018;DF;BRASÍLIA;Deputado Distrital;CAMARGO;AVANTE;SUPLENTE;1;2066;0.15;NAO
2018;DF;BRASÍLIA;Deputado Distrital;CAPISTRANO;PHS;SUPLENTE;1;180;0.01;NAO
2018;DF;BRASÍLIA;Deputado Distrital;CARINA SALES;PP;SUPLENTE;1;388;0.03;NAO
2018;DF;BRASÍLIA;Deputado Distrital;CARLOS DALVAN;PP;SUPLENTE;1;6111;0.43;NAO
2018;DF;BRASÍLIA;Deputado Distrital;CARLOS INACIO;REDE;SUPLENTE;1;178;0.01;NAO
2018;DF;BRASÍLIA;Deputado Distrital;CARLOS PENNA;PDT;SUPLENTE;1;229;0.02;NAO
2018;DF;BRASÍLIA;Deputado Distrital;CARLOS PONTES;PDT;SUPLENTE;1;110;0.01;NAO
2018;DF;BRASÍLIA;Deputado Distrital;CARLOS SANCHA;PRP;SUPLENTE;1;504;0.04;NAO
2018;DF;BRASÍLIA;Deputado Distrital;CARLÃO;PSOL;SUPLENTE;1;144;0.01;NAO
2018;DF;BRASÍLIA;Deputado Distrital;CARMEM DE OLIVEIRA;PSOL;SUPLENTE;1;852;0.06;NAO
2018;DF;BRASÍLIA;Deputado Distrital;CAROL DOS ANIMAIS;AVANTE;SUPLENTE;1;3366;0.24;NAO
2018;DF;BRASÍLIA;Deputado Distrital;CAROL LIMA;PTC;SUPLENTE;1;2435;0.17;NAO
2018;DF;BRASÍLIA;Deputado Distrital;CAROLINE RIBEIRO;PHS;SUPLENTE;1;93;0.01;NAO
2018;DF;BRASÍLIA;Deputado Distrital;CASTELO;PTB;SUPLENTE;1;240;0.02;NAO
2018;DF;BRASÍLIA;Deputado Distrital;CELIA REGINA;PHS;SUPLENTE;1;45;0.0;NAO
2018;DF;BRASÍLIA;Deputado Distrital;CELIO MARRUÁ;PTC;SUPLENTE;1;2208;0.16;NAO
2018;DF;BRASÍLIA;Deputado Distrital;CELSO RIBEIRO;PSOL;SUPLENTE;1;81;0.01;NAO
2018;DF;BRASÍLIA;Deputado Distrital;CESAR RAMOS;PTB;SUPLENTE;1;2169;0.15;NAO
2018;DF;BRASÍLIA;Deputado Distrital;CESAR SANTANA;REDE;SUPLENTE;1;641;0.05;NAO
2018;DF;BRASÍLIA;Deputado Distrital;CESINHA DA ACESSIBILIDADE;PDT;SUPLENTE;1;78;0.01;NAO
2018;DF;BRASÍLIA;Deputado Distrital;CEZAR ;PROS;SUPLENTE;1;619;0.04;NAO
2018;DF;BRASÍLIA;Deputado Distrital;CHARLES DO GÁSMYT;PRP;SUPLENTE;1;555;0.04;NAO
2018;DF;BRASÍLIA;Deputado Distrital;CHARLES JATOBA;PTB;SUPLENTE;1;344;0.02;NAO
2018;DF;BRASÍLIA;Deputado Distrital;CHICO VIGILANTE;PT;ELEITO POR QP;1;20975;1.48;SIM
2018;DF;BRASÍLIA;Deputado Distrital;CHIQUINHO;PHS;SUPLENTE;1;150;0.01;NAO
2018;DF;BRASÍLIA;Deputado Distrital;CHIQUINHO DE SAMAMBAIA;PC do B;SUPLENTE;1;299;0.02;NAO
2018;DF;BRASÍLIA;Deputado Distrital;CHOCOLATE BOTAFOGO;PODE;SUPLENTE;1;208;0.01;NAO
2018;DF;BRASÍLIA;Deputado Distrital;CHRIS QUINTILIANO;PPS;NÃO ELEITO;1;343;0.02;NAO
2018;DF;BRASÍLIA;Deputado Distrital;CHRISTIAN TADEU;MDB;SUPLENTE;1;734;0.05;NAO
2018;DF;BRASÍLIA;Deputado Distrital;CHRISTIANA INOCENCIO;PSC;SUPLENTE;1;142;0.01;NAO
2018;DF;BRASÍLIA;Deputado Distrital;CIDA SILVA;PATRI;NÃO ELEITO;1;929;0.07;NAO
2018;DF;BRASÍLIA;Deputado Distrital;CIDINHA ROCHA;PPL;NÃO ELEITO;1;56;0.0;NAO
2018;DF;BRASÍLIA;Deputado Distrital;CIDINHA SANTOS;PDT;SUPLENTE;1;183;0.01;NAO
2018;DF;BRASÍLIA;Deputado Distrital;CIGANA LUCY ;PODE;SUPLENTE;1;38;0.0;NAO
2018;DF;BRASÍLIA;Deputado Distrital;CIVALDO REBOUÇAS;PSC;SUPLENTE;1;296;0.02;NAO
2018;DF;BRASÍLIA;Deputado Distrital;CLAIRTON MANGA ROSA;PPL;NÃO ELEITO;1;199;0.01;NAO
2018;DF;BRASÍLIA;Deputado Distrital;CLAUDECI LUART;PODE;SUPLENTE;1;11403;0.81;NAO
2018;DF;BRASÍLIA;Deputado Distrital;CLAUDETE;PP;SUPLENTE;1;725;0.05;NAO
2018;DF;BRASÍLIA;Deputado Distrital;CLAUDIO BENTO;PP;SUPLENTE;1;695;0.05;NAO
2018;DF;BRASÍLIA;Deputado Distrital;CLAUDIO PERIFERIA;PV;SUPLENTE;1;115;0.01;NAO
2018;DF;BRASÍLIA;Deputado Distrital;CLEBSON CARVALHO;PSB;SUPLENTE;1;68;0.0;NAO
2018;DF;BRASÍLIA;Deputado Distrital;CLEISON DUVAL;PSDB;NÃO ELEITO;1;1107;0.08;NAO
2018;DF;BRASÍLIA;Deputado Distrital;CLÁUDIA VILHENA;NOVO;SUPLENTE;1;2389;0.17;NAO
2018;DF;BRASÍLIA;Deputado Distrital;CLÁUDIO ABRANTES;PDT;ELEITO POR MÉDIA;1;14238;1.01;SIM
2018;DF;BRASÍLIA;Deputado Distrital;CLÁUDIO BARRA;NOVO;SUPLENTE;1;4325;0.31;NAO
2018;DF;BRASÍLIA;Deputado Distrital;CLÁUDIO SAMPAIO;PRP;SUPLENTE;1;1194;0.08;NAO
2018;DF;BRASÍLIA;Deputado Distrital;CODÓZÃO;PSOL;SUPLENTE;1;208;0.01;NAO
2018;DF;BRASÍLIA;Deputado Distrital;COMANDANTE  ANTONY;NOVO;SUPLENTE;1;727;0.05;NAO
2018;DF;BRASÍLIA;Deputado Distrital;CONCEIÇÃO MARIA;PR;SUPLENTE;1;121;0.01;NAO
2018;DF;BRASÍLIA;Deputado Distrital;CORONEL JEAN;PP;SUPLENTE;1;1407;0.1;NAO
2018;DF;BRASÍLIA;Deputado Distrital;CORONEL REGINA;PRP;SUPLENTE;1;4251;0.3;NAO
2018;DF;BRASÍLIA;Deputado Distrital;CORONEL SOUTO;NOVO;SUPLENTE;1;2776;0.2;NAO
2018;DF;BRASÍLIA;Deputado Distrital;CORREA LEÃO DE JUDÁ;AVANTE;SUPLENTE;1;388;0.03;NAO
2018;DF;BRASÍLIA;Deputado Distrital;COUBERT BRAZ;PATRI;NÃO ELEITO;1;58;0.0;NAO
2018;DF;BRASÍLIA;Deputado Distrital;CRISTIA LIMA;AVANTE;SUPLENTE;1;240;0.02;NAO
2018;DF;BRASÍLIA;Deputado Distrital;CRISTIANE DIAS;PRP;SUPLENTE;1;358;0.03;NAO
2018;DF;BRASÍLIA;Deputado Distrital;CRISTIANO ARAÚJO;PSD;SUPLENTE;1;8676;0.61;NAO
2018;DF;BRASÍLIA;Deputado Distrital;CRISTIANO SEVERO;REDE;SUPLENTE;1;3252;0.23;NAO
2018;DF;BRASÍLIA;Deputado Distrital;CRISTIANO TORRES;PHS;SUPLENTE;1;2461;0.17;NAO
2018;DF;BRASÍLIA;Deputado Distrital;CRISTINI VASCONCELOS;PTB;SUPLENTE;1;31;0.0;NAO
2018;DF;BRASÍLIA;Deputado Distrital;CÁSSIO EDUARDO;PSOL;SUPLENTE;1;113;0.01;NAO
2018;DF;BRASÍLIA;Deputado Distrital;DAIANE CIGANA;PDT;SUPLENTE;1;204;0.01;NAO
2018;DF;BRASÍLIA;Deputado Distrital;DAIANNE COUTO;PRP;SUPLENTE;1;53;0.0;NAO
2018;DF;BRASÍLIA;Deputado Distrital;DANI ALVES;MDB;SUPLENTE;1;97;0.01;NAO
2018;DF;BRASÍLIA;Deputado Distrital;DANIEL DONIZET;PRP;ELEITO POR MÉDIA;1;9128;0.64;SIM
2018;DF;BRASÍLIA;Deputado Distrital;DANIEL GINO;PP;SUPLENTE;1;394;0.03;NAO
2018;DF;BRASÍLIA;Deputado Distrital;DANIEL GONÇALVES;MDB;SUPLENTE;1;363;0.03;NAO
2018;DF;BRASÍLIA;Deputado Distrital;DANIEL LEMOS;PSC;SUPLENTE;1;790;0.06;NAO
2018;DF;BRASÍLIA;Deputado Distrital;DANIEL MARTINEZ;PDT;SUPLENTE;1;87;0.01;NAO
2018;DF;BRASÍLIA;Deputado Distrital;DANIEL MATOS;PP;SUPLENTE;1;945;0.07;NAO
2018;DF;BRASÍLIA;Deputado Distrital;DANIEL RADAR;PPS;NÃO ELEITO;1;12208;0.86;NAO
2018;DF;BRASÍLIA;Deputado Distrital;DANIEL REIS;PP;SUPLENTE;1;298;0.02;NAO
2018;DF;BRASÍLIA;Deputado Distrital;DANIELLE BARRETO;REDE;SUPLENTE;1;388;0.03;NAO
2018;DF;BRASÍLIA;Deputado Distrital;DANIELLE LEITE;PMB;NÃO ELEITO;1;5;0.0;NAO
2018;DF;BRASÍLIA;Deputado Distrital;DANY DO PV;PV;SUPLENTE;1;57;0.0;NAO
2018;DF;BRASÍLIA;Deputado Distrital;DARCY LUIZ;PT;SUPLENTE;1;70;0.0;NAO
2018;DF;BRASÍLIA;Deputado Distrital;DAVI TAVARES;PHS;SUPLENTE;1;307;0.02;NAO
2018;DF;BRASÍLIA;Deputado Distrital;DEBORA SANTOS;PTB;SUPLENTE;1;106;0.01;NAO
2018;DF;BRASÍLIA;Deputado Distrital;DEDÉ;DEM;NÃO ELEITO;1;427;0.03;NAO
2018;DF;BRASÍLIA;Deputado Distrital;DEDÉ RORIZ;PHS;SUPLENTE;1;3314;0.23;NAO
2018;DF;BRASÍLIA;Deputado Distrital;DELEGADO FERNANDO FERNANDES;PROS;ELEITO POR QP;1;29420;2.08;SIM
2018;DF;BRASÍLIA;Deputado Distrital;DELEGADO MARIO GOMES;PHS;SUPLENTE;1;2973;0.21;NAO
2018;DF;BRASÍLIA;Deputado Distrital;DELEGADO MAURO CEZAR;AVANTE;SUPLENTE;1;3333;0.24;NAO
2018;DF;BRASÍLIA;Deputado Distrital;DELEGADO PABLO AGUIAR;PTB;SUPLENTE;1;6078;0.43;NAO
2018;DF;BRASÍLIA;Deputado Distrital;DELMASSO;PRB;ELEITO POR MÉDIA;1;23227;1.64;SIM
2018;DF;BRASÍLIA;Deputado Distrital;DENILSON DO GAS;PTB;SUPLENTE;1;134;0.01;NAO
2018;DF;BRASÍLIA;Deputado Distrital;DEPUTADO MÃE;PSDB;NÃO ELEITO;1;287;0.02;NAO
2018;DF;BRASÍLIA;Deputado Distrital;DERSON RACING;PRB;SUPLENTE;1;1494;0.11;NAO
2018;DF;BRASÍLIA;Deputado Distrital;DETE;PROS;SUPLENTE;1;422;0.03;NAO
2018;DF;BRASÍLIA;Deputado Distrital;DEUNENE PIERRE;PR;SUPLENTE;1;802;0.06;NAO
2018;DF;BRASÍLIA;Deputado Distrital;DEUSA CAPUCHINHO;PODE;SUPLENTE;1;152;0.01;NAO
2018;DF;BRASÍLIA;Deputado Distrital;DEUSDETE;PPL;NÃO ELEITO;1;2838;0.2;NAO
2018;DF;BRASÍLIA;Deputado Distrital;DI CARDOSO;PMN;SUPLENTE;1;122;0.01;NAO
2018;DF;BRASÍLIA;Deputado Distrital;DIEGO ARRUDA;PSDB;NÃO ELEITO;1;373;0.03;NAO
2018;DF;BRASÍLIA;Deputado Distrital;DIL(DILMANOEL);PDT;SUPLENTE;1;105;0.01;NAO
2018;DF;BRASÍLIA;Deputado Distrital;DILSON ROSA;PODE;SUPLENTE;1;1722;0.12;NAO
2018;DF;BRASÍLIA;Deputado Distrital;DIONES ALMEIDA;MDB;SUPLENTE;1;279;0.02;NAO
2018;DF;BRASÍLIA;Deputado Distrital;DIVINA SILVA;MDB;SUPLENTE;1;250;0.02;NAO
2018;DF;BRASÍLIA;Deputado Distrital;DIVINO DOS PANFLETOS;PSC;SUPLENTE;1;100;0.01;NAO
2018;DF;BRASÍLIA;Deputado Distrital;DJAVAN;DEM;NÃO ELEITO;1;237;0.02;NAO
2018;DF;BRASÍLIA;Deputado Distrital;DORINHA DO MAS;PHS;SUPLENTE;1;284;0.02;NAO
2018;DF;BRASÍLIA;Deputado Distrital;DORNELLAS;PP;SUPLENTE;1;523;0.04;NAO
2018;DF;BRASÍLIA;Deputado Distrital;DR GUTEMBERG;PR;SUPLENTE;1;13373;0.94;NAO
2018;DF;BRASÍLIA;Deputado Distrital;DR PROF CABO J NUNES;PR;SUPLENTE;1;126;0.01;NAO
2018;DF;BRASÍLIA;Deputado Distrital;DR SAULO;PSL;NÃO ELEITO;1;1398;0.1;NAO
2018;DF;BRASÍLIA;Deputado Distrital;DR ULYSSES;PP;SUPLENTE;1;1598;0.11;NAO
2018;DF;BRASÍLIA;Deputado Distrital;DR. ANTONIO MONTEIRO;PSDB;NÃO ELEITO;1;506;0.04;NAO
2018;DF;BRASÍLIA;Deputado Distrital;DR. CARLOS;AVANTE;SUPLENTE;1;2854;0.2;NAO
2018;DF;BRASÍLIA;Deputado Distrital;DR. DIEGO WANDERLEY;NOVO;SUPLENTE;1;783;0.06;NAO
2018;DF;BRASÍLIA;Deputado Distrital;DR. EDUARDO MOREIRA;PMB;NÃO ELEITO;1;1189;0.08;NAO
2018;DF;BRASÍLIA;Deputado Distrital;DR. JOAO PAULO ;PSC;SUPLENTE;1;395;0.03;NAO
2018;DF;BRASÍLIA;Deputado Distrital;DR. JORGE ARAÚJO;SOLIDARIEDADE;SUPLENTE;1;1902;0.13;NAO
2018;DF;BRASÍLIA;Deputado Distrital;DR. MARIA RITA;NOVO;SUPLENTE;1;656;0.05;NAO
2018;DF;BRASÍLIA;Deputado Distrital;DR. MESSIAS FROES;PHS;SUPLENTE;1;1087;0.08;NAO
2018;DF;BRASÍLIA;Deputado Distrital;DR. MORAES;PHS;SUPLENTE;1;449;0.03;NAO
2018;DF;BRASÍLIA;Deputado Distrital;DR. ROBERTO LUCENA;AVANTE;SUPLENTE;1;2525;0.18;NAO
2018;DF;BRASÍLIA;Deputado Distrital;DR. SANTIAGO;PT;SUPLENTE;1;1523;0.11;NAO
2018;DF;BRASÍLIA;Deputado Distrital;DRA. ADRIANA PEDERNEIRAS;PRB;SUPLENTE;1;1565;0.11;NAO
2018;DF;BRASÍLIA;Deputado Distrital;DRA. ERIDAN STEFANELLI;PV;SUPLENTE;1;613;0.04;NAO
2018;DF;BRASÍLIA;Deputado Distrital;DRA. JANE;AVANTE;SUPLENTE;1;2374;0.17;NAO
2018;DF;BRASÍLIA;Deputado Distrital;DRA. JÔ;PDT;SUPLENTE;1;1054;0.07;NAO
2018;DF;BRASÍLIA;Deputado Distrital;DRA. QUITÉRIA;MDB;SUPLENTE;1;540;0.04;NAO
2018;DF;BRASÍLIA;Deputado Distrital;DRA. ROMILDA;PATRI;NÃO ELEITO;1;22;0.0;NAO
2018;DF;BRASÍLIA;Deputado Distrital;DULCE LIM;PRTB;SUPLENTE;1;212;0.01;NAO
2018;DF;BRASÍLIA;Deputado Distrital;DY NOBRE DOS OFICINEIROS;MDB;SUPLENTE;1;68;0.0;NAO
2018;DF;BRASÍLIA;Deputado Distrital;DYENE SILVA;REDE;SUPLENTE;1;214;0.02;NAO
2018;DF;BRASÍLIA;Deputado Distrital;EDENUDES DE CASSIA;PSC;SUPLENTE;1;49;0.0;NAO
2018;DF;BRASÍLIA;Deputado Distrital;EDIVALDO ALBUQUERQUE ;MDB;SUPLENTE;1;50;0.0;NAO
2018;DF;BRASÍLIA;Deputado Distrital;EDLEUZA PAIVA;PP;SUPLENTE;1;652;0.05;NAO
2018;DF;BRASÍLIA;Deputado Distrital;EDNA ÁVILA;PSB;SUPLENTE;1;546;0.04;NAO
2018;DF;BRASÍLIA;Deputado Distrital;EDSON;PSTU;NÃO ELEITO;1;184;0.01;NAO
2018;DF;BRASÍLIA;Deputado Distrital;EDSON RABELLO;PTB;SUPLENTE;1;463;0.03;NAO
2018;DF;BRASÍLIA;Deputado Distrital;EDSON SOL NASCENTE;MDB;SUPLENTE;1;2141;0.15;NAO
2018;DF;BRASÍLIA;Deputado Distrital;EDUARDO COELHO;PATRI;NÃO ELEITO;1;747;0.05;NAO
2018;DF;BRASÍLIA;Deputado Distrital;EDUARDO FAVARO;PSD;SUPLENTE;1;598;0.04;NAO
2018;DF;BRASÍLIA;Deputado Distrital;EDUARDO LEAL;SOLIDARIEDADE;SUPLENTE;1;475;0.03;NAO
2018;DF;BRASÍLIA;Deputado Distrital;EDUARDO LYON;PHS;SUPLENTE;1;127;0.01;NAO
2018;DF;BRASÍLIA;Deputado Distrital;EDUARDO MITSUO YODA;NOVO;SUPLENTE;1;1072;0.08;NAO
2018;DF;BRASÍLIA;Deputado Distrital;EDUARDO PEDROSA;PTC;ELEITO POR QP;1;12806;0.9;SIM
2018;DF;BRASÍLIA;Deputado Distrital;EDUARDO TORRES;PRP;SUPLENTE;1;2457;0.17;NAO
2018;DF;BRASÍLIA;Deputado Distrital;EDUARDO VON;PSC;SUPLENTE;1;87;0.01;NAO
2018;DF;BRASÍLIA;Deputado Distrital;EDUCADOR CARLOS;PSOL;SUPLENTE;1;661;0.05;NAO
2018;DF;BRASÍLIA;Deputado Distrital;ELAYNE TIAGO;PSDB;NÃO ELEITO;1;22;0.0;NAO
2018;DF;BRASÍLIA;Deputado Distrital;ELEM SIMONE;PSOL;SUPLENTE;1;364;0.03;NAO
2018;DF;BRASÍLIA;Deputado Distrital;ELIANA EMERICK;PR;SUPLENTE;1;60;0.0;NAO
2018;DF;BRASÍLIA;Deputado Distrital;ELIANE ARCENIO;PP;SUPLENTE;1;750;0.05;NAO
2018;DF;BRASÍLIA;Deputado Distrital;ELICLEUDA;PTB;SUPLENTE;1;95;0.01;NAO
2018;DF;BRASÍLIA;Deputado Distrital;ELIEL MENDES;PROS;SUPLENTE;1;730;0.05;NAO
2018;DF;BRASÍLIA;Deputado Distrital;ELINE LEMOS;PDT;SUPLENTE;1;676;0.05;NAO
2018;DF;BRASÍLIA;Deputado Distrital;ELIS;PODE;SUPLENTE;1;251;0.02;NAO
2018;DF;BRASÍLIA;Deputado Distrital;ELISAFÁ AMORIM;PRTB;SUPLENTE;1;189;0.01;NAO
2018;DF;BRASÍLIA;Deputado Distrital;ELIZABETE DO RÊGO;MDB;SUPLENTE;1;308;0.02;NAO
2018;DF;BRASÍLIA;Deputado Distrital;ELIZABETE QUEIROZ;PTB;SUPLENTE;1;54;0.0;NAO
2018;DF;BRASÍLIA;Deputado Distrital;ELVIS SEITI;NOVO;SUPLENTE;1;2629;0.19;NAO
2018;DF;BRASÍLIA;Deputado Distrital;EMERSON OLIVEIRA;PDT;SUPLENTE;1;181;0.01;NAO
2018;DF;BRASÍLIA;Deputado Distrital;EMERSON VIDAL;PR;SUPLENTE;1;97;0.01;NAO
2018;DF;BRASÍLIA;Deputado Distrital;EMILSON RIBEIRO;PATRI;NÃO ELEITO;1;584;0.04;NAO
2018;DF;BRASÍLIA;Deputado Distrital;EMÍLIA STENZEL;PV;SUPLENTE;1;1246;0.09;NAO
2018;DF;BRASÍLIA;Deputado Distrital;ENFERMEIRO JOSIAS JUNIOR;PATRI;NÃO ELEITO;1;756;0.05;NAO
2018;DF;BRASÍLIA;Deputado Distrital;ENGENHEIRO FRANCISCO;SOLIDARIEDADE;SUPLENTE;1;581;0.04;NAO
2018;DF;BRASÍLIA;Deputado Distrital;ENGENHEIRO URUBATAN;MDB;SUPLENTE;1;168;0.01;NAO
2018;DF;BRASÍLIA;Deputado Distrital;ENILDE NERES ;REDE;SUPLENTE;1;369;0.03;NAO
2018;DF;BRASÍLIA;Deputado Distrital;ENIO MARÇAL;MDB;SUPLENTE;1;584;0.04;NAO
2018;DF;BRASÍLIA;Deputado Distrital;EPITÁCIO JÚNIOR;PPS;NÃO ELEITO;1;979;0.07;NAO
2018;DF;BRASÍLIA;Deputado Distrital;ERICH;PSL;NÃO ELEITO;1;556;0.04;NAO
2018;DF;BRASÍLIA;Deputado Distrital;ERICKA FILIPPELLI;MDB;SUPLENTE;1;4285;0.3;NAO
2018;DF;BRASÍLIA;Deputado Distrital;ERICO GRASSI;PT;SUPLENTE;1;885;0.06;NAO
2018;DF;BRASÍLIA;Deputado Distrital;ERIKA BERBERT;NOVO;SUPLENTE;1;1293;0.09;NAO
2018;DF;BRASÍLIA;Deputado Distrital;ERIVALDO ALVES;PPL;NÃO ELEITO;1;1861;0.13;NAO
2018;DF;BRASÍLIA;Deputado Distrital;ERNESTO GOLD;PTB;SUPLENTE;1;2246;0.16;NAO
2018;DF;BRASÍLIA;Deputado Distrital;ESTEVÃO ROLIM;REDE;SUPLENTE;1;1705;0.12;NAO
2018;DF;BRASÍLIA;Deputado Distrital;EUCLIDES PAPIROS;PPS;NÃO ELEITO;1;288;0.02;NAO
2018;DF;BRASÍLIA;Deputado Distrital;EUSA DE ASSIS;MDB;SUPLENTE;1;131;0.01;NAO
2018;DF;BRASÍLIA;Deputado Distrital;EVALDO AMORIM;PRP;SUPLENTE;1;490;0.03;NAO
2018;DF;BRASÍLIA;Deputado Distrital;EVANDO MENESES;PP;SUPLENTE;1;712;0.05;NAO
2018;DF;BRASÍLIA;Deputado Distrital;EVANDRO ARAUJO;PRP;SUPLENTE;1;676;0.05;NAO
2018;DF;BRASÍLIA;Deputado Distrital;EVANDRO PEREIRA;PRB;SUPLENTE;1;916;0.06;NAO
2018;DF;BRASÍLIA;Deputado Distrital;EZEQUIAS PEREIRA;PSC;SUPLENTE;1;4604;0.33;NAO
2018;DF;BRASÍLIA;Deputado Distrital;FABIANA LACERDA;PP;SUPLENTE;1;695;0.05;NAO
2018;DF;BRASÍLIA;Deputado Distrital;FABIANO LAGO;PR;SUPLENTE;1;1668;0.12;NAO
2018;DF;BRASÍLIA;Deputado Distrital;FABIO KBÇA;PROS;SUPLENTE;1;622;0.04;NAO
2018;DF;BRASÍLIA;Deputado Distrital;FALA ERISVALDO;PR;SUPLENTE;1;326;0.02;NAO
2018;DF;BRASÍLIA;Deputado Distrital;FARIAS DO BODE;PMB;NÃO ELEITO;1;50;0.0;NAO
2018;DF;BRASÍLIA;Deputado Distrital;FATINHA;PSD;SUPLENTE;1;1212;0.09;NAO
2018;DF;BRASÍLIA;Deputado Distrital;FERNANDO GOMIDE;PPS;NÃO ELEITO;1;1310;0.09;NAO
2018;DF;BRASÍLIA;Deputado Distrital;FERNANDO MOURA;REDE;SUPLENTE;1;5350;0.38;NAO
2018;DF;BRASÍLIA;Deputado Distrital;FERNANDO REIS;PR;SUPLENTE;1;679;0.05;NAO
2018;DF;BRASÍLIA;Deputado Distrital;FERNANDO SERVO;PSC;SUPLENTE;1;1283;0.09;NAO
2018;DF;BRASÍLIA;Deputado Distrital;FERNANDO VASCONCELOS;MDB;SUPLENTE;1;259;0.02;NAO
2018;DF;BRASÍLIA;Deputado Distrital;FILIPE BALBINO;PHS;SUPLENTE;1;639;0.05;NAO
2018;DF;BRASÍLIA;Deputado Distrital;FILIPE COSTA;PTB;SUPLENTE;1;85;0.01;NAO
2018;DF;BRASÍLIA;Deputado Distrital;FLAVIA REIS;PMB;NÃO ELEITO;1;22;0.0;NAO
2018;DF;BRASÍLIA;Deputado Distrital;FLAVINHA DO POVO;PTC;SUPLENTE;1;218;0.02;NAO
2018;DF;BRASÍLIA;Deputado Distrital;FLAVIO ALENCASTRO;PSDB;NÃO ELEITO;1;2404;0.17;NAO
2018;DF;BRASÍLIA;Deputado Distrital;FLORINDA SAMONTES;PHS;SUPLENTE;1;32;0.0;NAO
2018;DF;BRASÍLIA;Deputado Distrital;FLORÊNCIO DO QUEIJO;PMN;SUPLENTE;1;77;0.01;NAO
2018;DF;BRASÍLIA;Deputado Distrital;FLÁVIO CARDOSO;AVANTE;SUPLENTE;1;294;0.02;NAO
2018;DF;BRASÍLIA;Deputado Distrital;FORLANGOV;PROS;SUPLENTE;1;336;0.02;NAO
2018;DF;BRASÍLIA;Deputado Distrital;FRANCISCA CÔRTE;PDT;SUPLENTE;1;123;0.01;NAO
2018;DF;BRASÍLIA;Deputado Distrital;FRANCISCO COKIM;MDB;SUPLENTE;1;111;0.01;NAO
2018;DF;BRASÍLIA;Deputado Distrital;FRANCISCO COSTA;PTB;SUPLENTE;1;151;0.01;NAO
2018;DF;BRASÍLIA;Deputado Distrital;FRANCISCO DA M NORTE;PT;SUPLENTE;1;213;0.02;NAO
2018;DF;BRASÍLIA;Deputado Distrital;FRANCISCO MOLINA;PRP;SUPLENTE;1;562;0.04;NAO
2018;DF;BRASÍLIA;Deputado Distrital;FRAZÃO;NOVO;SUPLENTE;1;728;0.05;NAO
2018;DF;BRASÍLIA;Deputado Distrital;FRED;PROS;SUPLENTE;1;395;0.03;NAO
2018;DF;BRASÍLIA;Deputado Distrital;FÁBIO ABARKA;REDE;SUPLENTE;1;1421;0.1;NAO
2018;DF;BRASÍLIA;Deputado Distrital;FÁBIO FELIX;PSOL;ELEITO POR MÉDIA;1;10955;0.77;SIM
2018;DF;BRASÍLIA;Deputado Distrital;FÁTIMA AZEREDO;MDB;SUPLENTE;1;1;0.0;NAO
2018;DF;BRASÍLIA;Deputado Distrital;FÁTIMA TANAKA;PRP;SUPLENTE;1;478;0.03;NAO
2018;DF;BRASÍLIA;Deputado Distrital;GABI DA JUVENTUDE;AVANTE;SUPLENTE;1;63;0.0;NAO
2018;DF;BRASÍLIA;Deputado Distrital;GABRIEL ASSIS;PATRI;NÃO ELEITO;1;1441;0.1;NAO
2018;DF;BRASÍLIA;Deputado Distrital;GABRIEL ROCHA;PHS;SUPLENTE;1;438;0.03;NAO
2018;DF;BRASÍLIA;Deputado Distrital;GALEGA DO PASTEL;PTB;SUPLENTE;1;569;0.04;NAO
2018;DF;BRASÍLIA;Deputado Distrital;GALEGA DO SHOPPING POPULAR;PMN;SUPLENTE;1;26;0.0;NAO
2018;DF;BRASÍLIA;Deputado Distrital;GALEGO DA LIMPEZA;PTB;SUPLENTE;1;275;0.02;NAO
2018;DF;BRASÍLIA;Deputado Distrital;GARCIA;PTB;SUPLENTE;1;326;0.02;NAO
2018;DF;BRASÍLIA;Deputado Distrital;GEISA SILVA;PSL;NÃO ELEITO;1;42;0.0;NAO
2018;DF;BRASÍLIA;Deputado Distrital;GEISIMAR MORRO DA CRUZ;PSC;SUPLENTE;1;16;0.0;NAO
2018;DF;BRASÍLIA;Deputado Distrital;GENILDO VIGILANTE;PSB;SUPLENTE;1;243;0.02;NAO
2018;DF;BRASÍLIA;Deputado Distrital;GEORGE ARTHUR;PRB;SUPLENTE;1;427;0.03;NAO
2018;DF;BRASÍLIA;Deputado Distrital;GEORGIA QUARTIN;AVANTE;SUPLENTE;1;270;0.02;NAO
2018;DF;BRASÍLIA;Deputado Distrital;GERA DE CASTRO;NOVO;SUPLENTE;1;679;0.05;NAO
2018;DF;BRASÍLIA;Deputado Distrital;GERALDO NASCIMENTO;PP;SUPLENTE;1;648;0.05;NAO
2018;DF;BRASÍLIA;Deputado Distrital;GEUSA;NOVO;SUPLENTE;1;481;0.03;NAO
2018;DF;BRASÍLIA;Deputado Distrital;GILBERTO CAMARGOS;PROS;SUPLENTE;1;2261;0.16;NAO
2018;DF;BRASÍLIA;Deputado Distrital;GILSON ARAUJO;PODE;SUPLENTE;1;641;0.05;NAO
2018;DF;BRASÍLIA;Deputado Distrital;GILVAN GARÇOM;SOLIDARIEDADE;SUPLENTE;1;735;0.05;NAO
2018;DF;BRASÍLIA;Deputado Distrital;GILVANE DE CASTRO;MDB;SUPLENTE;1;412;0.03;NAO
2018;DF;BRASÍLIA;Deputado Distrital;GIOVANI CORRADI;PTB;SUPLENTE;1;218;0.02;NAO
2018;DF;BRASÍLIA;Deputado Distrital;GISELE ;PSL;NÃO ELEITO;1;305;0.02;NAO
2018;DF;BRASÍLIA;Deputado Distrital;GIZELE RIBEIRO;PTB;SUPLENTE;1;134;0.01;NAO
2018;DF;BRASÍLIA;Deputado Distrital;GLAUCIA SIMÕES ;PP;SUPLENTE;1;531;0.04;NAO
2018;DF;BRASÍLIA;Deputado Distrital;GLENO ROSSI;PROS;SUPLENTE;1;533;0.04;NAO
2018;DF;BRASÍLIA;Deputado Distrital;GORDINHO DA FARMÁCIA;AVANTE;SUPLENTE;1;4362;0.31;NAO
2018;DF;BRASÍLIA;Deputado Distrital;GRAÇA NUNES;PSD;SUPLENTE;1;450;0.03;NAO
2018;DF;BRASÍLIA;Deputado Distrital;GUALTER VIEIRA;PATRI;NÃO ELEITO;1;522;0.04;NAO
2018;DF;BRASÍLIA;Deputado Distrital;GUANABARA;PT;SUPLENTE;1;242;0.02;NAO
2018;DF;BRASÍLIA;Deputado Distrital;GUARDA JANIO;PROS;SUPLENTE;1;10524;0.74;NAO
2018;DF;BRASÍLIA;Deputado Distrital;GUILHERME DA HORA;PC do B;SUPLENTE;1;152;0.01;NAO
2018;DF;BRASÍLIA;Deputado Distrital;GUSTAVO LABAREDA;PRP;SUPLENTE;1;1175;0.08;NAO
2018;DF;BRASÍLIA;Deputado Distrital;GUSTAVO MIRANDA;PSC;SUPLENTE;1;1891;0.13;NAO
2018;DF;BRASÍLIA;Deputado Distrital;GUTO BELLO;REDE;SUPLENTE;1;1139;0.08;NAO
2018;DF;BRASÍLIA;Deputado Distrital;HALINE ARAGÃO;REDE;SUPLENTE;1;217;0.02;NAO
2018;DF;BRASÍLIA;Deputado Distrital;HAMSES GOMES;PTC;SUPLENTE;1;65;0.0;NAO
2018;DF;BRASÍLIA;Deputado Distrital;HEITOR DO HOSPITAL;PP;SUPLENTE;1;810;0.06;NAO
2018;DF;BRASÍLIA;Deputado Distrital;HELDER CAMPANATE;PROS;SUPLENTE;1;771;0.05;NAO
2018;DF;BRASÍLIA;Deputado Distrital;HELLEN FRIDA;PT;SUPLENTE;1;5791;0.41;NAO
2018;DF;BRASÍLIA;Deputado Distrital;HELTON MACIEL;PATRI;NÃO ELEITO;1;381;0.03;NAO
2018;DF;BRASÍLIA;Deputado Distrital;HELTON MARQUES O PATRIOTA;PATRI;NÃO ELEITO;1;537;0.04;NAO
2018;DF;BRASÍLIA;Deputado Distrital;HENRIQUE FRANÇA;PSB;SUPLENTE;1;1921;0.14;NAO
2018;DF;BRASÍLIA;Deputado Distrital;HENRIQUE PASSOS;PSC;SUPLENTE;1;56;0.0;NAO
2018;DF;BRASÍLIA;Deputado Distrital;HERMETO;PHS;ELEITO POR MÉDIA;1;11552;0.82;SIM
2018;DF;BRASÍLIA;Deputado Distrital;HUDSON QUINTANA;PV;SUPLENTE;1;336;0.02;NAO
2018;DF;BRASÍLIA;Deputado Distrital;HUMBERTO ALENCAR ;NOVO;SUPLENTE;1;1173;0.08;NAO
2018;DF;BRASÍLIA;Deputado Distrital;HUMBERTO JOSE CARDOSO ;PR;SUPLENTE;1;157;0.01;NAO
2018;DF;BRASÍLIA;Deputado Distrital;HÉLIO LIMA;PMB;NÃO ELEITO;1;43;0.0;NAO
2018;DF;BRASÍLIA;Deputado Distrital;IANE;PSC;SUPLENTE;1;64;0.0;NAO
2018;DF;BRASÍLIA;Deputado Distrital;IARA;PSC;SUPLENTE;1;252;0.02;NAO
2018;DF;BRASÍLIA;Deputado Distrital;IGOR TOKARSKI;PSB;SUPLENTE;1;7453;0.53;NAO
2018;DF;BRASÍLIA;Deputado Distrital;ILKA TEODORO;PSOL;SUPLENTE;1;5663;0.4;NAO
2018;DF;BRASÍLIA;Deputado Distrital;INDIA;PR;SUPLENTE;1;206;0.01;NAO
2018;DF;BRASÍLIA;Deputado Distrital;INDIO CARROCEIRO;PRTB;SUPLENTE;1;117;0.01;NAO
2018;DF;BRASÍLIA;Deputado Distrital;INDIO SOBERANA;PTB;SUPLENTE;1;2885;0.2;NAO
2018;DF;BRASÍLIA;Deputado Distrital;INES DIAS;PR;SUPLENTE;1;229;0.02;NAO
2018;DF;BRASÍLIA;Deputado Distrital;IOLANDO;PSC;ELEITO POR MÉDIA;1;13000;0.92;SIM
2018;DF;BRASÍLIA;Deputado Distrital;IRANY GOMES;PP;SUPLENTE;1;546;0.04;NAO
2018;DF;BRASÍLIA;Deputado Distrital;IRENE;DC;NÃO ELEITO;1;221;0.02;NAO
2018;DF;BRASÍLIA;Deputado Distrital;IRIS;PRB;SUPLENTE;1;400;0.03;NAO
2018;DF;BRASÍLIA;Deputado Distrital;IRMÃO GLÓRIA A DEUS;PSDB;NÃO ELEITO;1;189;0.01;NAO
2018;DF;BRASÍLIA;Deputado Distrital;ISAIAS;PSB;SUPLENTE;1;3829;0.27;NAO
2018;DF;BRASÍLIA;Deputado Distrital;ISAIAS FILHO;PPS;NÃO ELEITO;1;33;0.0;NAO
2018;DF;BRASÍLIA;Deputado Distrital;ISAIAS LEÃO;PSD;SUPLENTE;1;614;0.04;NAO
2018;DF;BRASÍLIA;Deputado Distrital;IVAMAR JUNIOR;PR;SUPLENTE;1;556;0.04;NAO
2018;DF;BRASÍLIA;Deputado Distrital;IVAN JOSÉ;PTC;SUPLENTE;1;315;0.02;NAO
2018;DF;BRASÍLIA;Deputado Distrital;IVAN SOARES;PSL;NÃO ELEITO;1;522;0.04;NAO
2018;DF;BRASÍLIA;Deputado Distrital;IVANI FERREIRA;DC;NÃO ELEITO;1;121;0.01;NAO
2018;DF;BRASÍLIA;Deputado Distrital;IVONE LOPES;PROS;SUPLENTE;1;184;0.01;NAO
2018;DF;BRASÍLIA;Deputado Distrital;IVONE LUZARDO;PTB;SUPLENTE;1;447;0.03;NAO
2018;DF;BRASÍLIA;Deputado Distrital;J BATISTA;PRP;SUPLENTE;1;190;0.01;NAO
2018;DF;BRASÍLIA;Deputado Distrital;JABÁ;PTC;SUPLENTE;1;6218;0.44;NAO
2018;DF;BRASÍLIA;Deputado Distrital;JAILSON SANTOS;PPL;NÃO ELEITO;1;52;0.0;NAO
2018;DF;BRASÍLIA;Deputado Distrital;JAILTON VIGILANTE;PP;SUPLENTE;1;168;0.01;NAO
2018;DF;BRASÍLIA;Deputado Distrital;JAJA JAILTON;NOVO;SUPLENTE;1;5131;0.36;NAO
2018;DF;BRASÍLIA;Deputado Distrital;JAMAIKA AMBIENTALISTA;PHS;SUPLENTE;1;232;0.02;NAO
2018;DF;BRASÍLIA;Deputado Distrital;JANAINA PENTEADO;PSOL;SUPLENTE;1;141;0.01;NAO
2018;DF;BRASÍLIA;Deputado Distrital;JANDERLENE NOGUEIRA;PROS;SUPLENTE;1;306;0.02;NAO
2018;DF;BRASÍLIA;Deputado Distrital;JAQUELINE SILVA;PTB;ELEITO POR MÉDIA;1;13044;0.92;SIM
2018;DF;BRASÍLIA;Deputado Distrital;JARO BRINY;PSOL;SUPLENTE;1;122;0.01;NAO
2018;DF;BRASÍLIA;Deputado Distrital;JEFF MOTTA;PC do B;SUPLENTE;1;1025;0.07;NAO
2018;DF;BRASÍLIA;Deputado Distrital;JEFFERSON MOREIRA;NOVO;SUPLENTE;1;400;0.03;NAO
2018;DF;BRASÍLIA;Deputado Distrital;JERFFESON CASTRO;PROS;SUPLENTE;1;478;0.03;NAO
2018;DF;BRASÍLIA;Deputado Distrital;JESUS COBRADORA;PC do B;SUPLENTE;1;128;0.01;NAO
2018;DF;BRASÍLIA;Deputado Distrital;JOANA D ARC (PORTO RICO);PROS;SUPLENTE;1;777;0.05;NAO
2018;DF;BRASÍLIA;Deputado Distrital;JOANA MACHADO;PHS;SUPLENTE;1;134;0.01;NAO
2018;DF;BRASÍLIA;Deputado Distrital;JOAO BATISTA;PR;SUPLENTE;1;745;0.05;NAO
2018;DF;BRASÍLIA;Deputado Distrital;JOAO CARDOSO PROFESSOR-AUDITOR;AVANTE;ELEITO POR QP;1;12654;0.89;SIM
2018;DF;BRASÍLIA;Deputado Distrital;JOAO HENRIQUE;PPL;NÃO ELEITO;1;218;0.02;NAO
2018;DF;BRASÍLIA;Deputado Distrital;JOAO LUCIO;PROS;SUPLENTE;1;408;0.03;NAO
2018;DF;BRASÍLIA;Deputado Distrital;JOAO MASCARENHAS;PR;SUPLENTE;1;324;0.02;NAO
2018;DF;BRASÍLIA;Deputado Distrital;JOAO PESCOCINHO;PTB;SUPLENTE;1;348;0.02;NAO
2018;DF;BRASÍLIA;Deputado Distrital;JOAQUIM VITOR;PDT;SUPLENTE;1;1036;0.07;NAO
2018;DF;BRASÍLIA;Deputado Distrital;JOCELIA ALBURQUERQUE;PSC;SUPLENTE;1;120;0.01;NAO
2018;DF;BRASÍLIA;Deputado Distrital;JOECI;PHS;SUPLENTE;1;198;0.01;NAO
2018;DF;BRASÍLIA;Deputado Distrital;JONAS LESSA;PODE;SUPLENTE;1;380;0.03;NAO
2018;DF;BRASÍLIA;Deputado Distrital;JORGE BAIANO;PMB;NÃO ELEITO;1;174;0.01;NAO
2018;DF;BRASÍLIA;Deputado Distrital;JORGE MARQUES;PSL;NÃO ELEITO;1;222;0.02;NAO
2018;DF;BRASÍLIA;Deputado Distrital;JORGE SILVA;PV;SUPLENTE;1;201;0.01;NAO
2018;DF;BRASÍLIA;Deputado Distrital;JORGE VIANNA;PODE;ELEITO POR MÉDIA;1;13070;0.92;SIM
2018;DF;BRASÍLIA;Deputado Distrital;JOSE ARAUJO;PP;SUPLENTE;1;2100;0.15;NAO
2018;DF;BRASÍLIA;Deputado Distrital;JOSE LUCIO;PHS;SUPLENTE;1;123;0.01;NAO
2018;DF;BRASÍLIA;Deputado Distrital;JOSE REIS;PPL;NÃO ELEITO;1;153;0.01;NAO
2018;DF;BRASÍLIA;Deputado Distrital;JOSENI MYLLA;PODE;SUPLENTE;1;252;0.02;NAO
2018;DF;BRASÍLIA;Deputado Distrital;JOSMAILTON;PT;SUPLENTE;1;239;0.02;NAO
2018;DF;BRASÍLIA;Deputado Distrital;JOSÉ AUGUSTO CAPILÉ;REDE;SUPLENTE;1;400;0.03;NAO
2018;DF;BRASÍLIA;Deputado Distrital;JOSÉ GUEDES;PSC;SUPLENTE;1;472;0.03;NAO
2018;DF;BRASÍLIA;Deputado Distrital;JOSÉ RIBEIRO;MDB;SUPLENTE;1;283;0.02;NAO
2018;DF;BRASÍLIA;Deputado Distrital;JOSÉ SANTARÉM;PSB;SUPLENTE;1;32;0.0;NAO
2018;DF;BRASÍLIA;Deputado Distrital;JOÃO ARRAIS;PDT;SUPLENTE;1;212;0.01;NAO
2018;DF;BRASÍLIA;Deputado Distrital;JOÃO BARÃO;PP;SUPLENTE;1;293;0.02;NAO
2018;DF;BRASÍLIA;Deputado Distrital;JOÃO DE DEUS;PR;SUPLENTE;1;3384;0.24;NAO
2018;DF;BRASÍLIA;Deputado Distrital;JOÃO DITO;PRB;SUPLENTE;1;1639;0.12;NAO
2018;DF;BRASÍLIA;Deputado Distrital;JOÃO FRANCISCO;REDE;SUPLENTE;1;1397;0.1;NAO
2018;DF;BRASÍLIA;Deputado Distrital;JOÃO SALAS;PRP;SUPLENTE;1;161;0.01;NAO
2018;DF;BRASÍLIA;Deputado Distrital;JU FLOR;PTC;SUPLENTE;1;130;0.01;NAO
2018;DF;BRASÍLIA;Deputado Distrital;JUAN RICTHELLY;PSOL;SUPLENTE;1;344;0.02;NAO
2018;DF;BRASÍLIA;Deputado Distrital;JUAREZ PAULINO;PT;SUPLENTE;1;111;0.01;NAO
2018;DF;BRASÍLIA;Deputado Distrital;JUAREZÃO;PSB;SUPLENTE;1;7102;0.5;NAO
2018;DF;BRASÍLIA;Deputado Distrital;JULIANA DE FREITAS;PSOL;SUPLENTE;1;349;0.02;NAO
2018;DF;BRASÍLIA;Deputado Distrital;JULIMAR PRODUTOR;PSC;SUPLENTE;1;160;0.01;NAO
2018;DF;BRASÍLIA;Deputado Distrital;JULIO CESAR JAPA;PROS;SUPLENTE;1;720;0.05;NAO
2018;DF;BRASÍLIA;Deputado Distrital;JULIO CEZAR;PP;SUPLENTE;1;679;0.05;NAO
2018;DF;BRASÍLIA;Deputado Distrital;JULIO LANCHONETE;PSC;SUPLENTE;1;236;0.02;NAO
2018;DF;BRASÍLIA;Deputado Distrital;JUNIOR ALMEIDA;PSDB;NÃO ELEITO;1;1644;0.12;NAO
2018;DF;BRASÍLIA;Deputado Distrital;JUNIOR ESTEVES;PRP;SUPLENTE;1;323;0.02;NAO
2018;DF;BRASÍLIA;Deputado Distrital;JUNIOR GARI;PV;SUPLENTE;1;450;0.03;NAO
2018;DF;BRASÍLIA;Deputado Distrital;JURACY MARQUES;PSOL;SUPLENTE;1;97;0.01;NAO
2018;DF;BRASÍLIA;Deputado Distrital;JUSTO MAGALHÃES;REDE;SUPLENTE;1;1157;0.08;NAO
2018;DF;BRASÍLIA;Deputado Distrital;JUVENIL ALVES;PR;SUPLENTE;1;117;0.01;NAO
2018;DF;BRASÍLIA;Deputado Distrital;JÂNIO ALVES;PC do B;SUPLENTE;1;325;0.02;NAO
2018;DF;BRASÍLIA;Deputado Distrital;JÔ SILVA;PSC;SUPLENTE;1;49;0.0;NAO
2018;DF;BRASÍLIA;Deputado Distrital;JÚLIA LUCY;NOVO;ELEITO POR MÉDIA;1;7655;0.54;SIM
2018;DF;BRASÍLIA;Deputado Distrital;JÚLIO CÉSAR DELEGADO;PSB;SUPLENTE;1;2595;0.18;NAO
2018;DF;BRASÍLIA;Deputado Distrital;KADIJA;MDB;SUPLENTE;1;403;0.03;NAO
2018;DF;BRASÍLIA;Deputado Distrital;KADU GOMES;NOVO;SUPLENTE;1;594;0.04;NAO
2018;DF;BRASÍLIA;Deputado Distrital;KAIO TEIXEIRA;PATRI;NÃO ELEITO;1;776;0.05;NAO
2018;DF;BRASÍLIA;Deputado Distrital;KALEBE;DC;NÃO ELEITO;1;304;0.02;NAO
2018;DF;BRASÍLIA;Deputado Distrital;KALEY BLADIMIR;PHS;SUPLENTE;1;133;0.01;NAO
2018;DF;BRASÍLIA;Deputado Distrital;KARINE MOREIRA;PP;SUPLENTE;1;558;0.04;NAO
2018;DF;BRASÍLIA;Deputado Distrital;KELLY BOLSONARO;PRP;SUPLENTE;1;5412;0.38;NAO
2018;DF;BRASÍLIA;Deputado Distrital;KELLYNHA ESTRUTURAL;PSDB;NÃO ELEITO;1;178;0.01;NAO
2018;DF;BRASÍLIA;Deputado Distrital;KELRIANY SILVA;SOLIDARIEDADE;SUPLENTE;1;119;0.01;NAO
2018;DF;BRASÍLIA;Deputado Distrital;KENNEDY CAETANO;PODE;SUPLENTE;1;443;0.03;NAO
2018;DF;BRASÍLIA;Deputado Distrital;KENNEDY VALENTE;PSD;SUPLENTE;1;219;0.02;NAO
2018;DF;BRASÍLIA;Deputado Distrital;KEVES DIOGO;PV;SUPLENTE;1;3580;0.25;NAO
2018;DF;BRASÍLIA;Deputado Distrital;KLESLEY GARCIA;PRP;SUPLENTE;1;5180;0.37;NAO
2018;DF;BRASÍLIA;Deputado Distrital;KLEYSON MORENO;AVANTE;SUPLENTE;1;742;0.05;NAO
2018;DF;BRASÍLIA;Deputado Distrital;KYARA ZARUTY LGBTI;AVANTE;SUPLENTE;1;100;0.01;NAO
2018;DF;BRASÍLIA;Deputado Distrital;LANA MIRANDA;PRB;SUPLENTE;1;1091;0.08;NAO
2018;DF;BRASÍLIA;Deputado Distrital;LAÍS SOUZA;PMB;NÃO ELEITO;1;2;0.0;NAO
2018;DF;BRASÍLIA;Deputado Distrital;LEANDRO GRASS;REDE;ELEITO POR MÉDIA;1;6578;0.46;SIM
2018;DF;BRASÍLIA;Deputado Distrital;LELECA;PMB;NÃO ELEITO;1;178;0.01;NAO
2018;DF;BRASÍLIA;Deputado Distrital;LELIO NEGAO;PR;SUPLENTE;1;64;0.0;NAO
2018;DF;BRASÍLIA;Deputado Distrital;LENE GUEDES;PMB;NÃO ELEITO;1;19;0.0;NAO
2018;DF;BRASÍLIA;Deputado Distrital;LENISE MENEGHETTI;PRB;SUPLENTE;1;141;0.01;NAO
2018;DF;BRASÍLIA;Deputado Distrital;LEO BRITTO;PDT;SUPLENTE;1;622;0.04;NAO
2018;DF;BRASÍLIA;Deputado Distrital;LEO GUERREIRO;PROS;SUPLENTE;1;684;0.05;NAO
2018;DF;BRASÍLIA;Deputado Distrital;LEÓ MATHEUS;PC do B;SUPLENTE;1;463;0.03;NAO
2018;DF;BRASÍLIA;Deputado Distrital;LGM;NOVO;SUPLENTE;1;3188;0.23;NAO
2018;DF;BRASÍLIA;Deputado Distrital;LIMA NETO;DEM;NÃO ELEITO;1;509;0.04;NAO
2018;DF;BRASÍLIA;Deputado Distrital;LINDA MARTINS;PRB;SUPLENTE;1;128;0.01;NAO
2018;DF;BRASÍLIA;Deputado Distrital;LINDOBEX;PP;SUPLENTE;1;226;0.02;NAO
2018;DF;BRASÍLIA;Deputado Distrital;LINDOLFO MAGALHÃES;PRP;SUPLENTE;1;143;0.01;NAO
2018;DF;BRASÍLIA;Deputado Distrital;LIPPE VIANA;PTC;SUPLENTE;1;1000;0.07;NAO
2018;DF;BRASÍLIA;Deputado Distrital;LIRA;PHS;SUPLENTE;1;3061;0.22;NAO
2018;DF;BRASÍLIA;Deputado Distrital;LIZIANE BRAUNER;REDE;SUPLENTE;1;228;0.02;NAO
2018;DF;BRASÍLIA;Deputado Distrital;LORD AZENHA;DEM;NÃO ELEITO;1;471;0.03;NAO
2018;DF;BRASÍLIA;Deputado Distrital;LUANA LIMA;PRB;SUPLENTE;1;337;0.02;NAO
2018;DF;BRASÍLIA;Deputado Distrital;LUCIA BESSA;PPS;NÃO ELEITO;1;811;0.06;NAO
2018;DF;BRASÍLIA;Deputado Distrital;LUCIANO DO JOAOZAO;PROS;SUPLENTE;1;307;0.02;NAO
2018;DF;BRASÍLIA;Deputado Distrital;LUCIANO FRANCO;PR;SUPLENTE;1;169;0.01;NAO
2018;DF;BRASÍLIA;Deputado Distrital;LUCIANO GONZAGA;PTB;SUPLENTE;1;66;0.0;NAO
2018;DF;BRASÍLIA;Deputado Distrital;LUCIMAR;PT;SUPLENTE;1;336;0.02;NAO
2018;DF;BRASÍLIA;Deputado Distrital;LUCIMARA FAGUNDES;PSDB;NÃO ELEITO;1;148;0.01;NAO
2018;DF;BRASÍLIA;Deputado Distrital;LUCINHA DA SAÚDE;DEM;NÃO ELEITO;1;186;0.01;NAO
2018;DF;BRASÍLIA;Deputado Distrital;LUDMILA SUAID;PSOL;SUPLENTE;1;1860;0.13;NAO
2018;DF;BRASÍLIA;Deputado Distrital;LUIS FARMA;PPL;NÃO ELEITO;1;204;0.01;NAO
2018;DF;BRASÍLIA;Deputado Distrital;LUISINHO;PT;SUPLENTE;1;353;0.02;NAO
2018;DF;BRASÍLIA;Deputado Distrital;LUIZA GOMES;PT;SUPLENTE;1;82;0.01;NAO
2018;DF;BRASÍLIA;Deputado Distrital;LULO SENA;AVANTE;SUPLENTE;1;1208;0.09;NAO
2018;DF;BRASÍLIA;Deputado Distrital;LURDINHA CÂNDIDO;PSD;SUPLENTE;1;283;0.02;NAO
2018;DF;BRASÍLIA;Deputado Distrital;LUZIA DE PAULA;PSB;ELEITO POR MÉDIA;1;9482;0.67;SIM
2018;DF;BRASÍLIA;Deputado Distrital;LUZIA LEITE;REDE;SUPLENTE;1;72;0.01;NAO
2018;DF;BRASÍLIA;Deputado Distrital;LÚCIA FÉLIX;PSDB;NÃO ELEITO;1;242;0.02;NAO
2018;DF;BRASÍLIA;Deputado Distrital;MAGAL DO POVÃO;MDB;SUPLENTE;1;384;0.03;NAO
2018;DF;BRASÍLIA;Deputado Distrital;MAGDA LEITE;PP;SUPLENTE;1;343;0.02;NAO
2018;DF;BRASÍLIA;Deputado Distrital;MAGELA;PT;SUPLENTE;1;7544;0.53;NAO
2018;DF;BRASÍLIA;Deputado Distrital;MAICON MIRANDA;AVANTE;SUPLENTE;1;1481;0.1;NAO
2018;DF;BRASÍLIA;Deputado Distrital;MAJOR CHRISTIANE;PV;SUPLENTE;1;500;0.04;NAO
2018;DF;BRASÍLIA;Deputado Distrital;MAJOR LOURIVAL;AVANTE;SUPLENTE;1;664;0.05;NAO
2018;DF;BRASÍLIA;Deputado Distrital;MAJOR SOUZA;PRB;SUPLENTE;1;262;0.02;NAO
2018;DF;BRASÍLIA;Deputado Distrital;MANDATO COLETIVO;PSOL;SUPLENTE;1;6040;0.43;NAO
2018;DF;BRASÍLIA;Deputado Distrital;MARA DE TODOS;PSDB;NÃO ELEITO;1;137;0.01;NAO
2018;DF;BRASÍLIA;Deputado Distrital;MARCELA AMAZONAS;PRP;SUPLENTE;1;527;0.04;NAO
2018;DF;BRASÍLIA;Deputado Distrital;MARCELO GUIMARAES;PROS;SUPLENTE;1;137;0.01;NAO
2018;DF;BRASÍLIA;Deputado Distrital;MARCELO MARQUES;PROS;SUPLENTE;1;327;0.02;NAO
2018;DF;BRASÍLIA;Deputado Distrital;MARCELO OTTONI;PV;SUPLENTE;1;2555;0.18;NAO
2018;DF;BRASÍLIA;Deputado Distrital;MARCELO VIGILANTE;PSOL;SUPLENTE;1;384;0.03;NAO
2018;DF;BRASÍLIA;Deputado Distrital;MARCELO X;DEM;NÃO ELEITO;1;51;0.0;NAO
2018;DF;BRASÍLIA;Deputado Distrital;MARCIA GAMA;PR;SUPLENTE;1;103;0.01;NAO
2018;DF;BRASÍLIA;Deputado Distrital;MARCINHA TAXISTA;PHS;SUPLENTE;1;149;0.01;NAO
2018;DF;BRASÍLIA;Deputado Distrital;MARCIO DOS FEIRANTES;MDB;SUPLENTE;1;353;0.02;NAO
2018;DF;BRASÍLIA;Deputado Distrital;MARCO ROSA;SOLIDARIEDADE;SUPLENTE;1;137;0.01;NAO
2018;DF;BRASÍLIA;Deputado Distrital;MARCOS MAURÍCIO;AVANTE;SUPLENTE;1;3968;0.28;NAO
2018;DF;BRASÍLIA;Deputado Distrital;MARCOS MORENO;PROS;SUPLENTE;1;192;0.01;NAO
2018;DF;BRASÍLIA;Deputado Distrital;MARCOS NOGUEIRA;PSC;SUPLENTE;1;95;0.01;NAO
2018;DF;BRASÍLIA;Deputado Distrital;MARCUS ABREU;REDE;SUPLENTE;1;199;0.01;NAO
2018;DF;BRASÍLIA;Deputado Distrital;MARIA ADELIA;PSC;SUPLENTE;1;97;0.01;NAO
2018;DF;BRASÍLIA;Deputado Distrital;MARIA CASSIANO;PP;SUPLENTE;1;143;0.01;NAO
2018;DF;BRASÍLIA;Deputado Distrital;MARIA DO CARMO PAULINO;PMB;NÃO ELEITO;1;353;0.02;NAO
2018;DF;BRASÍLIA;Deputado Distrital;MARIA DUCLERIO;PR;SUPLENTE;1;64;0.0;NAO
2018;DF;BRASÍLIA;Deputado Distrital;MARIA JOSÉ DO TORORÓ;PSB;SUPLENTE;1;1013;0.07;NAO
2018;DF;BRASÍLIA;Deputado Distrital;MARIA SONEIDE;SOLIDARIEDADE;SUPLENTE;1;165;0.01;NAO
2018;DF;BRASÍLIA;Deputado Distrital;MARIA TEREZA;PPS;NÃO ELEITO;1;7;0.0;NAO
2018;DF;BRASÍLIA;Deputado Distrital;MARIANA DUARTE;PPS;NÃO ELEITO;1;272;0.02;NAO
2018;DF;BRASÍLIA;Deputado Distrital;MARIANA ROSA;PT;SUPLENTE;1;852;0.06;NAO
2018;DF;BRASÍLIA;Deputado Distrital;MARINALDA SANTOS;PTB;SUPLENTE;1;48;0.0;NAO
2018;DF;BRASÍLIA;Deputado Distrital;MARIO BLANCO;PPL;NÃO ELEITO;1;2510;0.18;NAO
2018;DF;BRASÍLIA;Deputado Distrital;MARIZETE DA SAUDE;PROS;SUPLENTE;1;450;0.03;NAO
2018;DF;BRASÍLIA;Deputado Distrital;MARIZIA BONIFACIO;PROS;SUPLENTE;1;125;0.01;NAO
2018;DF;BRASÍLIA;Deputado Distrital;MARLENE DAMAZIO;PV;SUPLENTE;1;185;0.01;NAO
2018;DF;BRASÍLIA;Deputado Distrital;MARLI CAMPOS;MDB;SUPLENTE;1;181;0.01;NAO
2018;DF;BRASÍLIA;Deputado Distrital;MARLON COSTA;PSB;SUPLENTE;1;5546;0.39;NAO
2018;DF;BRASÍLIA;Deputado Distrital;MARRETA;PHS;SUPLENTE;1;62;0.0;NAO
2018;DF;BRASÍLIA;Deputado Distrital;MARTA LIMA ;REDE;SUPLENTE;1;191;0.01;NAO
2018;DF;BRASÍLIA;Deputado Distrital;MARTINS MACHADO;PRB;ELEITO POR QP;1;29457;2.08;SIM
2018;DF;BRASÍLIA;Deputado Distrital;MARYLIA TAVARES;PMN;SUPLENTE;1;425;0.03;NAO
2018;DF;BRASÍLIA;Deputado Distrital;MATHEUS LOPES;PSL;NÃO ELEITO;1;240;0.02;NAO
2018;DF;BRASÍLIA;Deputado Distrital;MAURO EVANGELISTA;PDT;SUPLENTE;1;55;0.0;NAO
2018;DF;BRASÍLIA;Deputado Distrital;MAURO PORTO;NOVO;SUPLENTE;1;2271;0.16;NAO
2018;DF;BRASÍLIA;Deputado Distrital;MAURÃO;PC do B;SUPLENTE;1;500;0.04;NAO
2018;DF;BRASÍLIA;Deputado Distrital;MAX MACIEL;PSOL;SUPLENTE;1;8515;0.6;NAO
2018;DF;BRASÍLIA;Deputado Distrital;MAYK MONTALVÃO;PTC;SUPLENTE;1;1874;0.13;NAO
2018;DF;BRASÍLIA;Deputado Distrital;MAYKON CORTEZ;PRB;SUPLENTE;1;225;0.02;NAO
2018;DF;BRASÍLIA;Deputado Distrital;MAZINHO VENTURA;PTB;SUPLENTE;1;453;0.03;NAO
2018;DF;BRASÍLIA;Deputado Distrital;MC BANDIDA;AVANTE;SUPLENTE;1;120;0.01;NAO
2018;DF;BRASÍLIA;Deputado Distrital;MC LANA;PMB;NÃO ELEITO;1;352;0.02;NAO
2018;DF;BRASÍLIA;Deputado Distrital;MESAQUE;PSC;SUPLENTE;1;1877;0.13;NAO
2018;DF;BRASÍLIA;Deputado Distrital;MICHAEL LEAL;REDE;SUPLENTE;1;827;0.06;NAO
2018;DF;BRASÍLIA;Deputado Distrital;MICHEL PLATINI;PT;SUPLENTE;1;2486;0.18;NAO
2018;DF;BRASÍLIA;Deputado Distrital;MILENE DA CEILÂDIA;AVANTE;SUPLENTE;1;329;0.02;NAO
2018;DF;BRASÍLIA;Deputado Distrital;MIRIAN DUTRA;PTC;SUPLENTE;1;572;0.04;NAO
2018;DF;BRASÍLIA;Deputado Distrital;MISA MORENA;PMB;NÃO ELEITO;1;96;0.01;NAO
2018;DF;BRASÍLIA;Deputado Distrital;MISSIONARIO CARLOS;PR;SUPLENTE;1;42;0.0;NAO
2018;DF;BRASÍLIA;Deputado Distrital;MOISES MARQUES;PDT;SUPLENTE;1;1767;0.12;NAO
2018;DF;BRASÍLIA;Deputado Distrital;MONICA D  AIDÊ;PSC;SUPLENTE;1;732;0.05;NAO
2018;DF;BRASÍLIA;Deputado Distrital;MOREIRA;PTB;SUPLENTE;1;399;0.03;NAO
2018;DF;BRASÍLIA;Deputado Distrital;MÁRCIA DE ALENCAR;PSB;SUPLENTE;1;430;0.03;NAO
2018;DF;BRASÍLIA;Deputado Distrital;MÁRCIA RIBEIRO;NOVO;SUPLENTE;1;850;0.06;NAO
2018;DF;BRASÍLIA;Deputado Distrital;MÁRCIO CARDOSO;PATRI;NÃO ELEITO;1;108;0.01;NAO
2018;DF;BRASÍLIA;Deputado Distrital;MÔNICA ALVARES;PSDB;NÃO ELEITO;1;103;0.01;NAO
2018;DF;BRASÍLIA;Deputado Distrital;MÔNICA NÓBREGA;PSB;SUPLENTE;1;1620;0.11;NAO
2018;DF;BRASÍLIA;Deputado Distrital;NADIR BALEIRA;PV;SUPLENTE;1;44;0.0;NAO
2018;DF;BRASÍLIA;Deputado Distrital;NAIR;PSC;SUPLENTE;1;150;0.01;NAO
2018;DF;BRASÍLIA;Deputado Distrital;NAJH;PRB;SUPLENTE;1;202;0.01;NAO
2018;DF;BRASÍLIA;Deputado Distrital;NATAN;PHS;SUPLENTE;1;865;0.06;NAO
2018;DF;BRASÍLIA;Deputado Distrital;NATANAEL SAULO;REDE;SUPLENTE;1;112;0.01;NAO
2018;DF;BRASÍLIA;Deputado Distrital;NATÁLIA MAZZOLI;PODE;SUPLENTE;1;107;0.01;NAO
2018;DF;BRASÍLIA;Deputado Distrital;NAYRA RAMOS;PDT;SUPLENTE;1;131;0.01;NAO
2018;DF;BRASÍLIA;Deputado Distrital;NEGALAIZE;PT;SUPLENTE;1;106;0.01;NAO
2018;DF;BRASÍLIA;Deputado Distrital;NEGUIN;PDT;SUPLENTE;1;1210;0.09;NAO
2018;DF;BRASÍLIA;Deputado Distrital;NEGÃO DO PARANOÁ;PPL;NÃO ELEITO;1;271;0.02;NAO
2018;DF;BRASÍLIA;Deputado Distrital;NEIA AMORIM;PSB;SUPLENTE;1;723;0.05;NAO
2018;DF;BRASÍLIA;Deputado Distrital;NEIDE NEIVA;PP;SUPLENTE;1;1118;0.08;NAO
2018;DF;BRASÍLIA;Deputado Distrital;NERLY LIMA;PPS;NÃO ELEITO;1;8;0.0;NAO
2018;DF;BRASÍLIA;Deputado Distrital;NERY DO BRASIL;AVANTE;SUPLENTE;1;3357;0.24;NAO
2018;DF;BRASÍLIA;Deputado Distrital;NETO NOROESTE ;PPS;NÃO ELEITO;1;3346;0.24;NAO
2018;DF;BRASÍLIA;Deputado Distrital;NETO TO CONTIGO;PROS;SUPLENTE;1;405;0.03;NAO
2018;DF;BRASÍLIA;Deputado Distrital;NEUSA BARBOSA;PR;SUPLENTE;1;154;0.01;NAO
2018;DF;BRASÍLIA;Deputado Distrital;NEVITON MONOVIM;PSC;SUPLENTE;1;80;0.01;NAO
2018;DF;BRASÍLIA;Deputado Distrital;NICANOR FERREIRA;PR;SUPLENTE;1;863;0.06;NAO
2018;DF;BRASÍLIA;Deputado Distrital;NILDO NAVES;PRP;SUPLENTE;1;522;0.04;NAO
2018;DF;BRASÍLIA;Deputado Distrital;NILO ARTHUR;PPS;NÃO ELEITO;1;1004;0.07;NAO
2018;DF;BRASÍLIA;Deputado Distrital;NILSON DA FEMEI;PROS;SUPLENTE;1;98;0.01;NAO
2018;DF;BRASÍLIA;Deputado Distrital;NILZA GOMES;PMN;SUPLENTE;1;372;0.03;NAO
2018;DF;BRASÍLIA;Deputado Distrital;NOEMI BARUZZI;PSDB;NÃO ELEITO;1;392;0.03;NAO
2018;DF;BRASÍLIA;Deputado Distrital;NÁGELA MARIA;PSDB;NÃO ELEITO;1;526;0.04;NAO
2018;DF;BRASÍLIA;Deputado Distrital;NÉLIO DOMINGUES;NOVO;SUPLENTE;1;783;0.06;NAO
2018;DF;BRASÍLIA;Deputado Distrital;NÚBIA LIMA;PRP;SUPLENTE;1;141;0.01;NAO
2018;DF;BRASÍLIA;Deputado Distrital;O FISCAL DE BRASÍLIA;PSDB;NÃO ELEITO;1;362;0.03;NAO
2018;DF;BRASÍLIA;Deputado Distrital;O PAPAI CHEGOU;DEM;NÃO ELEITO;1;179;0.01;NAO
2018;DF;BRASÍLIA;Deputado Distrital;OSVALDO RODRIGUES;PPS;NÃO ELEITO;1;146;0.01;NAO
2018;DF;BRASÍLIA;Deputado Distrital;OSVANILDO LOURENSO;PT;SUPLENTE;1;145;0.01;NAO
2018;DF;BRASÍLIA;Deputado Distrital;OSÉIAS RIBEIRO;PHS;SUPLENTE;1;8319;0.59;NAO
2018;DF;BRASÍLIA;Deputado Distrital;OZIEL PAZ;PODE;SUPLENTE;1;243;0.02;NAO
2018;DF;BRASÍLIA;Deputado Distrital;PABLO VALENTE;PP;SUPLENTE;1;1516;0.11;NAO
2018;DF;BRASÍLIA;Deputado Distrital;PAI RESENDE;PPL;NÃO ELEITO;1;17;0.0;NAO
2018;DF;BRASÍLIA;Deputado Distrital;PALHAÇO LAMBY SAL;PMN;SUPLENTE;1;80;0.01;NAO
2018;DF;BRASÍLIA;Deputado Distrital;PASTOR BERNARDO;PPL;NÃO ELEITO;1;89;0.01;NAO
2018;DF;BRASÍLIA;Deputado Distrital;PASTOR DANIEL DE CASTRO;PSC;SUPLENTE;1;11510;0.81;NAO
2018;DF;BRASÍLIA;Deputado Distrital;PASTOR JOÃO PAULO;PP;SUPLENTE;1;2748;0.19;NAO
2018;DF;BRASÍLIA;Deputado Distrital;PASTORA MARIA TRINDADE;PSC;SUPLENTE;1;18;0.0;NAO
2018;DF;BRASÍLIA;Deputado Distrital;PASTORA ROSE;PHS;SUPLENTE;1;135;0.01;NAO
2018;DF;BRASÍLIA;Deputado Distrital;PASTORA WALL;PT;SUPLENTE;1;255;0.02;NAO
2018;DF;BRASÍLIA;Deputado Distrital;PATRICIA AMADA ;NOVO;SUPLENTE;1;887;0.06;NAO
2018;DF;BRASÍLIA;Deputado Distrital;PATRÍCIA GUIMARÃES;PDT;SUPLENTE;1;314;0.02;NAO
2018;DF;BRASÍLIA;Deputado Distrital;PATRÍCIO;PDT;SUPLENTE;1;1482;0.1;NAO
2018;DF;BRASÍLIA;Deputado Distrital;PAULA AIK;PRP;SUPLENTE;1;78;0.01;NAO
2018;DF;BRASÍLIA;Deputado Distrital;PAULA ALVES PSICOPEDAGOGA;AVANTE;SUPLENTE;1;115;0.01;NAO
2018;DF;BRASÍLIA;Deputado Distrital;PAULA BENETT;PSB;SUPLENTE;1;1259;0.09;NAO
2018;DF;BRASÍLIA;Deputado Distrital;PAULINHO CARDOSO;PSL;NÃO ELEITO;1;694;0.05;NAO
2018;DF;BRASÍLIA;Deputado Distrital;PAULINHO MADRUGADA;PRP;SUPLENTE;1;2372;0.17;NAO
2018;DF;BRASÍLIA;Deputado Distrital;PAULO ALEGRIA;PHS;SUPLENTE;1;243;0.02;NAO
2018;DF;BRASÍLIA;Deputado Distrital;PAULO BODÃO;PSD;SUPLENTE;1;185;0.01;NAO
2018;DF;BRASÍLIA;Deputado Distrital;PAULO CORRÊA;MDB;SUPLENTE;1;136;0.01;NAO
2018;DF;BRASÍLIA;Deputado Distrital;PAULO COSTA - PC;REDE;SUPLENTE;1;1708;0.12;NAO
2018;DF;BRASÍLIA;Deputado Distrital;PAULO MARTINS;PRP;SUPLENTE;1;198;0.01;NAO
2018;DF;BRASÍLIA;Deputado Distrital;PAULO MONTEIRO;PTB;SUPLENTE;1;380;0.03;NAO
2018;DF;BRASÍLIA;Deputado Distrital;PAULO MOURA;PSC;SUPLENTE;1;1127;0.08;NAO
2018;DF;BRASÍLIA;Deputado Distrital;PAULO PITOMBEIRA;PMB;NÃO ELEITO;1;117;0.01;NAO
2018;DF;BRASÍLIA;Deputado Distrital;PAULO RENATO;PMB;NÃO ELEITO;1;233;0.02;NAO
2018;DF;BRASÍLIA;Deputado Distrital;PAULO ROBERTO;PRB;SUPLENTE;1;523;0.04;NAO
2018;DF;BRASÍLIA;Deputado Distrital;PAULO THIAGO CAVEIRA;PTC;SUPLENTE;1;3100;0.22;NAO
2018;DF;BRASÍLIA;Deputado Distrital;PAULO TORRES VIP;PSC;SUPLENTE;1;784;0.06;NAO
2018;DF;BRASÍLIA;Deputado Distrital;PEDIATRA FABIANA;PPS;NÃO ELEITO;1;2223;0.16;NAO
2018;DF;BRASÍLIA;Deputado Distrital;PEDRO BARROS;PP;SUPLENTE;1;2075;0.15;NAO
2018;DF;BRASÍLIA;Deputado Distrital;PEDRO IVO;PPS;NÃO ELEITO;1;6585;0.47;NAO
2018;DF;BRASÍLIA;Deputado Distrital;PEDRO LEITE;PODE;SUPLENTE;1;6789;0.48;NAO
2018;DF;BRASÍLIA;Deputado Distrital;PEDRO PAULO DO NOVO;NOVO;SUPLENTE;1;560;0.04;NAO
2018;DF;BRASÍLIA;Deputado Distrital;PEDRO SILVA;PSC;SUPLENTE;1;58;0.0;NAO
2018;DF;BRASÍLIA;Deputado Distrital;PEDRÃO;PPS;NÃO ELEITO;1;533;0.04;NAO
2018;DF;BRASÍLIA;Deputado Distrital;PEPA;PSC;SUPLENTE;1;10048;0.71;NAO
2018;DF;BRASÍLIA;Deputado Distrital;PEREIRA;PMB;NÃO ELEITO;1;745;0.05;NAO
2018;DF;BRASÍLIA;Deputado Distrital;PH PAULO HENRIQUE;PTC;SUPLENTE;1;314;0.02;NAO
2018;DF;BRASÍLIA;Deputado Distrital;PIRIGOSO;SOLIDARIEDADE;SUPLENTE;1;684;0.05;NAO
2018;DF;BRASÍLIA;Deputado Distrital;POLICARPO;PT;SUPLENTE;1;4592;0.32;NAO
2018;DF;BRASÍLIA;Deputado Distrital;POLICIAL FEDERAL HONORATO;PRP;SUPLENTE;1;2826;0.2;NAO
2018;DF;BRASÍLIA;Deputado Distrital;POLICIAL FEDERAL SANTIAGO;PTC;SUPLENTE;1;2466;0.17;NAO
2018;DF;BRASÍLIA;Deputado Distrital;PR RONON PINHEIRO;PHS;SUPLENTE;1;166;0.01;NAO
2018;DF;BRASÍLIA;Deputado Distrital;PR. ALESSANDRO MARTINS;PROS;SUPLENTE;1;170;0.01;NAO
2018;DF;BRASÍLIA;Deputado Distrital;PR. CÉLIO SANTANA;AVANTE;SUPLENTE;1;62;0.0;NAO
2018;DF;BRASÍLIA;Deputado Distrital;PROF ADEMILSOM;PMN;SUPLENTE;1;203;0.01;NAO
2018;DF;BRASÍLIA;Deputado Distrital;PROF AUGUSTO FREIRE;PSL;NÃO ELEITO;1;1160;0.08;NAO
2018;DF;BRASÍLIA;Deputado Distrital;PROF. DIEGO MATOS DA FERCAL;AVANTE;SUPLENTE;1;1353;0.1;NAO
2018;DF;BRASÍLIA;Deputado Distrital;PROF. FELIPE LEITAO;PROS;SUPLENTE;1;2100;0.15;NAO
2018;DF;BRASÍLIA;Deputado Distrital;PROF. FORLAND;PHS;SUPLENTE;1;3462;0.24;NAO
2018;DF;BRASÍLIA;Deputado Distrital;PROF. IRAN LIMA;AVANTE;SUPLENTE;1;1375;0.1;NAO
2018;DF;BRASÍLIA;Deputado Distrital;PROF. LÚCIO ROGÉRIO;PRB;SUPLENTE;1;629;0.04;NAO
2018;DF;BRASÍLIA;Deputado Distrital;PROF. MARCOS FARIA;REDE;SUPLENTE;1;3190;0.23;NAO
2018;DF;BRASÍLIA;Deputado Distrital;PROF. REGINA;MDB;SUPLENTE;1;309;0.02;NAO
2018;DF;BRASÍLIA;Deputado Distrital;PROF. ROBERT MARQUES;PHS;SUPLENTE;1;1405;0.1;NAO
2018;DF;BRASÍLIA;Deputado Distrital;PROF. SEVERINO CAJAZEIRAS;AVANTE;SUPLENTE;1;3309;0.23;NAO
2018;DF;BRASÍLIA;Deputado Distrital;PROF. ÂNGELO ZANOLLY;PHS;SUPLENTE;1;1033;0.07;NAO
2018;DF;BRASÍLIA;Deputado Distrital;PROF.MARIANO;PODE;SUPLENTE;1;802;0.06;NAO
2018;DF;BRASÍLIA;Deputado Distrital;PROFESSOR AARON;PPS;NÃO ELEITO;1;908;0.06;NAO
2018;DF;BRASÍLIA;Deputado Distrital;PROFESSOR CARLOS ARRUDA;PODE;SUPLENTE;1;212;0.01;NAO
2018;DF;BRASÍLIA;Deputado Distrital;PROFESSOR CELSO;PSB;SUPLENTE;1;2832;0.2;NAO
2018;DF;BRASÍLIA;Deputado Distrital;PROFESSOR DANIEL ARAÚJO;PP;SUPLENTE;1;662;0.05;NAO
2018;DF;BRASÍLIA;Deputado Distrital;PROFESSOR DANIEL CREPALDI;PRB;SUPLENTE;1;1511;0.11;NAO
2018;DF;BRASÍLIA;Deputado Distrital;PROFESSOR DAVI MOREIRA;PROS;SUPLENTE;1;340;0.02;NAO
2018;DF;BRASÍLIA;Deputado Distrital;PROFESSOR EDGARD;PSC;SUPLENTE;1;1288;0.09;NAO
2018;DF;BRASÍLIA;Deputado Distrital;PROFESSOR EDUARDO REZENDE;PP;SUPLENTE;1;1447;0.1;NAO
2018;DF;BRASÍLIA;Deputado Distrital;PROFESSOR ELIAS;PC do B;SUPLENTE;1;2176;0.15;NAO
2018;DF;BRASÍLIA;Deputado Distrital;PROFESSOR ELUÍDES AGAPITO;PP;SUPLENTE;1;759;0.05;NAO
2018;DF;BRASÍLIA;Deputado Distrital;PROFESSOR FABIO LETICIO;PP;SUPLENTE;1;1574;0.11;NAO
2018;DF;BRASÍLIA;Deputado Distrital;PROFESSOR FRANCELINO;PV;SUPLENTE;1;12862;0.91;NAO
2018;DF;BRASÍLIA;Deputado Distrital;PROFESSOR FÁBIO SOUSA;PDT;SUPLENTE;1;7347;0.52;NAO
2018;DF;BRASÍLIA;Deputado Distrital;PROFESSOR GLAUCO;PT;SUPLENTE;1;562;0.04;NAO
2018;DF;BRASÍLIA;Deputado Distrital;PROFESSOR HERCULES  CEZAR;PTB;SUPLENTE;1;169;0.01;NAO
2018;DF;BRASÍLIA;Deputado Distrital;PROFESSOR HÉRCULES;PP;SUPLENTE;1;2224;0.16;NAO
2018;DF;BRASÍLIA;Deputado Distrital;PROFESSOR INALDO CONCURSEIRO;PRP;SUPLENTE;1;256;0.02;NAO
2018;DF;BRASÍLIA;Deputado Distrital;PROFESSOR IVAN MORAES;DC;NÃO ELEITO;1;6345;0.45;NAO
2018;DF;BRASÍLIA;Deputado Distrital;PROFESSOR JORDENES;PTB;SUPLENTE;1;7377;0.52;NAO
2018;DF;BRASÍLIA;Deputado Distrital;PROFESSOR JUQUINHA;PRB;SUPLENTE;1;2219;0.16;NAO
2018;DF;BRASÍLIA;Deputado Distrital;PROFESSOR LEONARDO MIRANDA;PATRI;NÃO ELEITO;1;1468;0.1;NAO
2018;DF;BRASÍLIA;Deputado Distrital;PROFESSOR MANOEL MORAIS;PPS;NÃO ELEITO;1;852;0.06;NAO
2018;DF;BRASÍLIA;Deputado Distrital;PROFESSOR NIVALDO;AVANTE;SUPLENTE;1;312;0.02;NAO
2018;DF;BRASÍLIA;Deputado Distrital;PROFESSOR ORLANDO JÚNIOR;PP;SUPLENTE;1;3968;0.28;NAO
2018;DF;BRASÍLIA;Deputado Distrital;PROFESSOR PEDRON;SOLIDARIEDADE;SUPLENTE;1;1096;0.08;NAO
2018;DF;BRASÍLIA;Deputado Distrital;PROFESSOR RAUL;PRP;SUPLENTE;1;596;0.04;NAO
2018;DF;BRASÍLIA;Deputado Distrital;PROFESSOR REGINALDO VERAS;PDT;ELEITO POR QP;1;27998;1.98;SIM
2018;DF;BRASÍLIA;Deputado Distrital;PROFESSOR ROBINSON PAIS;PSDB;NÃO ELEITO;1;590;0.04;NAO
2018;DF;BRASÍLIA;Deputado Distrital;PROFESSOR RODRIGÃO;PATRI;NÃO ELEITO;1;4121;0.29;NAO
2018;DF;BRASÍLIA;Deputado Distrital;PROFESSOR VASCO;PT;SUPLENTE;1;542;0.04;NAO
2018;DF;BRASÍLIA;Deputado Distrital;PROFESSOR VIRGILIO GALVAO;PTB;SUPLENTE;1;464;0.03;NAO
2018;DF;BRASÍLIA;Deputado Distrital;PROFESSOR WALTER;PATRI;NÃO ELEITO;1;717;0.05;NAO
2018;DF;BRASÍLIA;Deputado Distrital;PROFESSORA CLÁUDIA COSTA;PP;SUPLENTE;1;709;0.05;NAO
2018;DF;BRASÍLIA;Deputado Distrital;PROFESSORA DEUSINHA;PT;SUPLENTE;1;1147;0.08;NAO
2018;DF;BRASÍLIA;Deputado Distrital;PROFESSORA ELICEUDA;PT;SUPLENTE;1;1624;0.11;NAO
2018;DF;BRASÍLIA;Deputado Distrital;PROFESSORA ETEL;PSB;SUPLENTE;1;265;0.02;NAO
2018;DF;BRASÍLIA;Deputado Distrital;PROFESSORA FRANCIS;PSB;SUPLENTE;1;1262;0.09;NAO
2018;DF;BRASÍLIA;Deputado Distrital;PROFESSORA GLEIDE;PHS;SUPLENTE;1;120;0.01;NAO
2018;DF;BRASÍLIA;Deputado Distrital;PROFESSORA GODOI;PROS;SUPLENTE;1;110;0.01;NAO
2018;DF;BRASÍLIA;Deputado Distrital;PROFESSORA HELCIMAR;PSDB;NÃO ELEITO;1;111;0.01;NAO
2018;DF;BRASÍLIA;Deputado Distrital;PROFESSORA JACIRA;PTB;SUPLENTE;1;359;0.03;NAO
2018;DF;BRASÍLIA;Deputado Distrital;PROFESSORA LUCIA;PSL;NÃO ELEITO;1;461;0.03;NAO
2018;DF;BRASÍLIA;Deputado Distrital;PROFESSORA MARIA ANTÔNIA;SOLIDARIEDADE;SUPLENTE;1;6477;0.46;NAO
2018;DF;BRASÍLIA;Deputado Distrital;PROFESSORA SIHAMI;PTB;SUPLENTE;1;797;0.06;NAO
2018;DF;BRASÍLIA;Deputado Distrital;PROFESSORA WALDETE;PATRI;NÃO ELEITO;1;232;0.02;NAO
2018;DF;BRASÍLIA;Deputado Distrital;PSICÓLOGA DOLORES FERREIRA;MDB;SUPLENTE;1;551;0.04;NAO
2018;DF;BRASÍLIA;Deputado Distrital;RAAD JR.;PSDB;NÃO ELEITO;1;3807;0.27;NAO
2018;DF;BRASÍLIA;Deputado Distrital;RACIB ELIAS TICLY;PMN;SUPLENTE;1;173;0.01;NAO
2018;DF;BRASÍLIA;Deputado Distrital;RAFAEL MOREIRA;AVANTE;SUPLENTE;1;894;0.06;NAO
2018;DF;BRASÍLIA;Deputado Distrital;RAFAEL PRUDENTE;MDB;ELEITO POR QP;1;26373;1.86;SIM
2018;DF;BRASÍLIA;Deputado Distrital;RAFAEL SILVA;PV;SUPLENTE;1;62;0.0;NAO
2018;DF;BRASÍLIA;Deputado Distrital;RAFAEL VASCONCELLOS;PPS;NÃO ELEITO;1;3563;0.25;NAO
2018;DF;BRASÍLIA;Deputado Distrital;RAIMUNDO ACQUACERRADO;PROS;SUPLENTE;1;870;0.06;NAO
2018;DF;BRASÍLIA;Deputado Distrital;RAIMUNDO CANUTO;REDE;SUPLENTE;1;345;0.02;NAO
2018;DF;BRASÍLIA;Deputado Distrital;RAIMUNDO RIBEIRO;MDB;SUPLENTE;1;5894;0.42;NAO
2018;DF;BRASÍLIA;Deputado Distrital;RAISSA ROSSITER;PSB;SUPLENTE;1;1104;0.08;NAO
2018;DF;BRASÍLIA;Deputado Distrital;RANGEL JACARÉ;PDT;SUPLENTE;1;801;0.06;NAO
2018;DF;BRASÍLIA;Deputado Distrital;RAPHAEL SEBBA;PSOL;SUPLENTE;1;4019;0.28;NAO
2018;DF;BRASÍLIA;Deputado Distrital;RAQUEL BOGÉA;PRB;SUPLENTE;1;247;0.02;NAO
2018;DF;BRASÍLIA;Deputado Distrital;RAY;PSB;SUPLENTE;1;522;0.04;NAO
2018;DF;BRASÍLIA;Deputado Distrital;RAY RUA BRASIL;PRP;SUPLENTE;1;679;0.05;NAO
2018;DF;BRASÍLIA;Deputado Distrital;REGINA LACERDA;PODE;SUPLENTE;1;1089;0.08;NAO
2018;DF;BRASÍLIA;Deputado Distrital;REGINA TOMÉ;PT;SUPLENTE;1;95;0.01;NAO
2018;DF;BRASÍLIA;Deputado Distrital;REGINALDO GOUVEIA;PSL;NÃO ELEITO;1;844;0.06;NAO
2018;DF;BRASÍLIA;Deputado Distrital;REGINALDO SARDINHA;AVANTE;ELEITO POR MÉDIA;1;6738;0.48;SIM
2018;DF;BRASÍLIA;Deputado Distrital;RENATA D AGUIAR;PP;SUPLENTE;1;3912;0.28;NAO
2018;DF;BRASÍLIA;Deputado Distrital;RENATA DINIZ;NOVO;SUPLENTE;1;814;0.06;NAO
2018;DF;BRASÍLIA;Deputado Distrital;RENATINHO;PP;SUPLENTE;1;474;0.03;NAO
2018;DF;BRASÍLIA;Deputado Distrital;RENILSON ROMA;AVANTE;SUPLENTE;1;4677;0.33;NAO
2018;DF;BRASÍLIA;Deputado Distrital;RENNEZÃO;PTB;SUPLENTE;1;1164;0.08;NAO
2018;DF;BRASÍLIA;Deputado Distrital;RICARDO BRANDAO;PTB;SUPLENTE;1;4725;0.33;NAO
2018;DF;BRASÍLIA;Deputado Distrital;RICARDO LUCAS;PC do B;SUPLENTE;1;3224;0.23;NAO
2018;DF;BRASÍLIA;Deputado Distrital;RICARDO NEGREIROS;PROS;SUPLENTE;1;119;0.01;NAO
2018;DF;BRASÍLIA;Deputado Distrital;RICARDO PAZ;PATRI;NÃO ELEITO;1;223;0.02;NAO
2018;DF;BRASÍLIA;Deputado Distrital;RICARDO TOBÉ;AVANTE;SUPLENTE;1;5080;0.36;NAO
2018;DF;BRASÍLIA;Deputado Distrital;RICARDO TROVAO;PR;SUPLENTE;1;102;0.01;NAO
2018;DF;BRASÍLIA;Deputado Distrital;RICARDO VALE;PT;SUPLENTE;1;7909;0.56;NAO
2018;DF;BRASÍLIA;Deputado Distrital;RICHARD BANHARA;PSDB;NÃO ELEITO;1;599;0.04;NAO
2018;DF;BRASÍLIA;Deputado Distrital;RICHARD BARROS;PSB;SUPLENTE;1;171;0.01;NAO
2018;DF;BRASÍLIA;Deputado Distrital;RICHARD DA SAÚDE;PMB;NÃO ELEITO;1;544;0.04;NAO
2018;DF;BRASÍLIA;Deputado Distrital;RICHARDE BRAGA;PSL;NÃO ELEITO;1;110;0.01;NAO
2018;DF;BRASÍLIA;Deputado Distrital;RISOMAR CARVALHO;PSD;SUPLENTE;1;8733;0.62;NAO
2018;DF;BRASÍLIA;Deputado Distrital;RITA ANDRADE;PSOL;SUPLENTE;1;830;0.06;NAO
2018;DF;BRASÍLIA;Deputado Distrital;RITA SIQUEIRA;PRTB;SUPLENTE;1;16;0.0;NAO
2018;DF;BRASÍLIA;Deputado Distrital;RIVANE;PODE;SUPLENTE;1;68;0.0;NAO
2018;DF;BRASÍLIA;Deputado Distrital;ROBERTA MONZINI;PPL;NÃO ELEITO;1;3831;0.27;NAO
2018;DF;BRASÍLIA;Deputado Distrital;ROBERTA VIANA;PR;SUPLENTE;1;284;0.02;NAO
2018;DF;BRASÍLIA;Deputado Distrital;ROBERTO AMIGO DE TODOS;PRB;SUPLENTE;1;1706;0.12;NAO
2018;DF;BRASÍLIA;Deputado Distrital;ROBERTO EUSTAQUIO;PR;SUPLENTE;1;109;0.01;NAO
2018;DF;BRASÍLIA;Deputado Distrital;ROBERTO RIBEIRO;NOVO;SUPLENTE;1;356;0.03;NAO
2018;DF;BRASÍLIA;Deputado Distrital;ROBÉRIO NEGREIROS;PSD;ELEITO POR QP;1;18819;1.33;SIM
2018;DF;BRASÍLIA;Deputado Distrital;RODRIGO BRITTO;PT;SUPLENTE;1;3479;0.25;NAO
2018;DF;BRASÍLIA;Deputado Distrital;RODRIGO DIAS;PSB;SUPLENTE;1;1993;0.14;NAO
2018;DF;BRASÍLIA;Deputado Distrital;RODRIGO MANDARIN;PPL;NÃO ELEITO;1;190;0.01;NAO
2018;DF;BRASÍLIA;Deputado Distrital;RODRIGO MARQUES;PSB;SUPLENTE;1;1502;0.11;NAO
2018;DF;BRASÍLIA;Deputado Distrital;RODRIGO PASSOS;PPL;NÃO ELEITO;1;62;0.0;NAO
2018;DF;BRASÍLIA;Deputado Distrital;RODRIGO SCARPA;PSDB;NÃO ELEITO;1;241;0.02;NAO
2018;DF;BRASÍLIA;Deputado Distrital;RODRIGO VIANA;PSC;SUPLENTE;1;148;0.01;NAO
2018;DF;BRASÍLIA;Deputado Distrital;ROGERIO VIEIRA;DC;NÃO ELEITO;1;982;0.07;NAO
2018;DF;BRASÍLIA;Deputado Distrital;ROGÉRIO MORRO DA CRUZ;AVANTE;SUPLENTE;1;5718;0.4;NAO
2018;DF;BRASÍLIA;Deputado Distrital;ROMAN DF;PSL;NÃO ELEITO;1;3964;0.28;NAO
2018;DF;BRASÍLIA;Deputado Distrital;ROMMEINE;DEM;NÃO ELEITO;1;1146;0.08;NAO
2018;DF;BRASÍLIA;Deputado Distrital;RONALD;MDB;SUPLENTE;1;1141;0.08;NAO
2018;DF;BRASÍLIA;Deputado Distrital;RONALDE LINS;PPL;NÃO ELEITO;1;279;0.02;NAO
2018;DF;BRASÍLIA;Deputado Distrital;RONALDO;DC;NÃO ELEITO;1;1564;0.11;NAO
2018;DF;BRASÍLIA;Deputado Distrital;RONALDO CAMELÔ;PMB;NÃO ELEITO;1;559;0.04;NAO
2018;DF;BRASÍLIA;Deputado Distrital;RONALDO CARMO;PT;SUPLENTE;1;58;0.0;NAO
2018;DF;BRASÍLIA;Deputado Distrital;RONEIDE PAIVA;PMB;NÃO ELEITO;1;111;0.01;NAO
2018;DF;BRASÍLIA;Deputado Distrital;ROOSEVELT VILELA;PSB;ELEITO POR QP;1;12257;0.87;SIM
2018;DF;BRASÍLIA;Deputado Distrital;ROSA MARTINS;PROS;SUPLENTE;1;218;0.02;NAO
2018;DF;BRASÍLIA;Deputado Distrital;ROSALICE;MDB;SUPLENTE;1;139;0.01;NAO
2018;DF;BRASÍLIA;Deputado Distrital;ROSALVO BRASILEIRO;PSB;SUPLENTE;1;240;0.02;NAO
2018;DF;BRASÍLIA;Deputado Distrital;ROSE SOUZA;PMN;SUPLENTE;1;98;0.01;NAO
2018;DF;BRASÍLIA;Deputado Distrital;ROSSI;PSDB;NÃO ELEITO;1;572;0.04;NAO
2018;DF;BRASÍLIA;Deputado Distrital;RUAN;MDB;SUPLENTE;1;294;0.02;NAO
2018;DF;BRASÍLIA;Deputado Distrital;RUBENS BIAS;PSOL;SUPLENTE;1;836;0.06;NAO
2018;DF;BRASÍLIA;Deputado Distrital;RUBÃO;PRB;SUPLENTE;1;273;0.02;NAO
2018;DF;BRASÍLIA;Deputado Distrital;RÔNEI CATADOR;PDT;SUPLENTE;1;340;0.02;NAO
2018;DF;BRASÍLIA;Deputado Distrital;SAIONARA CORTES;PHS;SUPLENTE;1;46;0.0;NAO
2018;DF;BRASÍLIA;Deputado Distrital;SALVE JORGE;PMB;NÃO ELEITO;1;10745;0.76;NAO
2018;DF;BRASÍLIA;Deputado Distrital;SAMARA BRITO;PROS;SUPLENTE;1;1729;0.12;NAO
2018;DF;BRASÍLIA;Deputado Distrital;SAMIO BANDEIRA;PATRI;NÃO ELEITO;1;111;0.01;NAO
2018;DF;BRASÍLIA;Deputado Distrital;SAMUEL LEANDRO;DEM;NÃO ELEITO;1;273;0.02;NAO
2018;DF;BRASÍLIA;Deputado Distrital;SAMUEL MUNIZ;PP;SUPLENTE;1;202;0.01;NAO
2018;DF;BRASÍLIA;Deputado Distrital;SANCHES;NOVO;SUPLENTE;1;314;0.02;NAO
2018;DF;BRASÍLIA;Deputado Distrital;SANDOVAL ALENCAR;PTC;SUPLENTE;1;514;0.04;NAO
2018;DF;BRASÍLIA;Deputado Distrital;SANDRA FARAJ;PR;SUPLENTE;1;8963;0.63;NAO
2018;DF;BRASÍLIA;Deputado Distrital;SANDRO BERGAMIM;PP;SUPLENTE;1;2242;0.16;NAO
2018;DF;BRASÍLIA;Deputado Distrital;SANTA ALVES;PC do B;SUPLENTE;1;319;0.02;NAO
2018;DF;BRASÍLIA;Deputado Distrital;SARGENTO ALZIRO NETO;PTB;SUPLENTE;1;469;0.03;NAO
2018;DF;BRASÍLIA;Deputado Distrital;SARGENTO MOACIR;PMN;SUPLENTE;1;376;0.03;NAO
2018;DF;BRASÍLIA;Deputado Distrital;SAULO COSTA;PSDB;NÃO ELEITO;1;364;0.03;NAO
2018;DF;BRASÍLIA;Deputado Distrital;SENA;PROS;SUPLENTE;1;338;0.02;NAO
2018;DF;BRASÍLIA;Deputado Distrital;SERGINHO DAMACENO;AVANTE;SUPLENTE;1;4749;0.34;NAO
2018;DF;BRASÍLIA;Deputado Distrital;SERGIO ANDRADE;PHS;SUPLENTE;1;919;0.06;NAO
2018;DF;BRASÍLIA;Deputado Distrital;SGT BONINA - VÉI DA 12;PMN;SUPLENTE;1;9456;0.67;NAO
2018;DF;BRASÍLIA;Deputado Distrital;SGT MARCUS VINICIUS;PHS;SUPLENTE;1;117;0.01;NAO
2018;DF;BRASÍLIA;Deputado Distrital;SGT PAULA;PHS;SUPLENTE;1;126;0.01;NAO
2018;DF;BRASÍLIA;Deputado Distrital;SGT. SIMÕES - TOTO LEGAL;AVANTE;SUPLENTE;1;983;0.07;NAO
2018;DF;BRASÍLIA;Deputado Distrital;SGT. WASHINGTON PATROCÍNIO;PRP;SUPLENTE;1;1009;0.07;NAO
2018;DF;BRASÍLIA;Deputado Distrital;SILVANA JAVED;PSL;NÃO ELEITO;1;98;0.01;NAO
2018;DF;BRASÍLIA;Deputado Distrital;SILVANA SANTOS;PMN;SUPLENTE;1;82;0.01;NAO
2018;DF;BRASÍLIA;Deputado Distrital;SILVANIA LEAL;PR;SUPLENTE;1;123;0.01;NAO
2018;DF;BRASÍLIA;Deputado Distrital;SIMONE CASTELO BRANCO;DEM;NÃO ELEITO;1;80;0.01;NAO
2018;DF;BRASÍLIA;Deputado Distrital;SIMONE DE JESUS;PSL;NÃO ELEITO;1;112;0.01;NAO
2018;DF;BRASÍLIA;Deputado Distrital;SIMONE MAGALHÃES;AVANTE;SUPLENTE;1;2390;0.17;NAO
2018;DF;BRASÍLIA;Deputado Distrital;SIMONE ROCHA;PROS;SUPLENTE;1;493;0.03;NAO
2018;DF;BRASÍLIA;Deputado Distrital;SIMONE SANTANA;PSB;SUPLENTE;1;135;0.01;NAO
2018;DF;BRASÍLIA;Deputado Distrital;SOCORRO COSTA;PRB;SUPLENTE;1;536;0.04;NAO
2018;DF;BRASÍLIA;Deputado Distrital;SOCORRO FERREIRA;MDB;SUPLENTE;1;278;0.02;NAO
2018;DF;BRASÍLIA;Deputado Distrital;SOLANGE CAMPOS;SOLIDARIEDADE;SUPLENTE;1;210;0.01;NAO
2018;DF;BRASÍLIA;Deputado Distrital;SOUZA;PRP;SUPLENTE;1;217;0.02;NAO
2018;DF;BRASÍLIA;Deputado Distrital;ST GERALDO ALVES;PTC;SUPLENTE;1;4732;0.33;NAO
2018;DF;BRASÍLIA;Deputado Distrital;ST MANOEL SOUZA GASÚ;PSB;SUPLENTE;1;934;0.07;NAO
2018;DF;BRASÍLIA;Deputado Distrital;STANLEY SALGADO;PTB;SUPLENTE;1;141;0.01;NAO
2018;DF;BRASÍLIA;Deputado Distrital;SUBTENENTE ANA PAULA;PHS;SUPLENTE;1;223;0.02;NAO
2018;DF;BRASÍLIA;Deputado Distrital;SUEIDE DO ICEP;PSB;SUPLENTE;1;2896;0.2;NAO
2018;DF;BRASÍLIA;Deputado Distrital;SUELEN AGUIAR;PATRI;NÃO ELEITO;1;15;0.0;NAO
2018;DF;BRASÍLIA;Deputado Distrital;SÉRGIO ZOGHBI;PTC;SUPLENTE;1;1645;0.12;NAO
2018;DF;BRASÍLIA;Deputado Distrital;SÔNIA LIMA;PHS;SUPLENTE;1;198;0.01;NAO
2018;DF;BRASÍLIA;Deputado Distrital;TABANEZ ;PROS;SUPLENTE;1;8078;0.57;NAO
2018;DF;BRASÍLIA;Deputado Distrital;TALES ALVES;PODE;SUPLENTE;1;893;0.06;NAO
2018;DF;BRASÍLIA;Deputado Distrital;TAMARA NAIZ;PC do B;SUPLENTE;1;585;0.04;NAO
2018;DF;BRASÍLIA;Deputado Distrital;TATHI NOLETO;PPS;NÃO ELEITO;1;509;0.04;NAO
2018;DF;BRASÍLIA;Deputado Distrital;TATI GOMES;PC do B;SUPLENTE;1;53;0.0;NAO
2018;DF;BRASÍLIA;Deputado Distrital;TATIANA REHBEIN;AVANTE;SUPLENTE;1;195;0.01;NAO
2018;DF;BRASÍLIA;Deputado Distrital;TATY CECILIANO;REDE;SUPLENTE;1;377;0.03;NAO
2018;DF;BRASÍLIA;Deputado Distrital;TELMA RUFINO;PROS;SUPLENTE;1;11715;0.83;NAO
2018;DF;BRASÍLIA;Deputado Distrital;TENENTE DAVI;PTC;SUPLENTE;1;1803;0.13;NAO
2018;DF;BRASÍLIA;Deputado Distrital;TEREZINHA SILVA;PTC;SUPLENTE;1;102;0.01;NAO
2018;DF;BRASÍLIA;Deputado Distrital;THAIS MACHADO;PHS;SUPLENTE;1;116;0.01;NAO
2018;DF;BRASÍLIA;Deputado Distrital;THAMIRIS FLORA;PC do B;SUPLENTE;1;333;0.02;NAO
2018;DF;BRASÍLIA;Deputado Distrital;THELMA MELLO;PT;SUPLENTE;1;480;0.03;NAO
2018;DF;BRASÍLIA;Deputado Distrital;THEODOMIRO LUSTOSA;PTB;SUPLENTE;1;126;0.01;NAO
2018;DF;BRASÍLIA;Deputado Distrital;THIAGO JARJOUR;PSB;SUPLENTE;1;7812;0.55;NAO
2018;DF;BRASÍLIA;Deputado Distrital;TIA JOANA;PSD;SUPLENTE;1;1235;0.09;NAO
2018;DF;BRASÍLIA;Deputado Distrital;TIA NAIR;AVANTE;SUPLENTE;1;4173;0.29;NAO
2018;DF;BRASÍLIA;Deputado Distrital;TIAGO LACERDA;PRB;SUPLENTE;1;341;0.02;NAO
2018;DF;BRASÍLIA;Deputado Distrital;TIANA FREIRE;PTB;SUPLENTE;1;133;0.01;NAO
2018;DF;BRASÍLIA;Deputado Distrital;TINA LOPES;PRP;SUPLENTE;1;24;0.0;NAO
2018;DF;BRASÍLIA;Deputado Distrital;TOM GUIMARÃES;PTC;SUPLENTE;1;598;0.04;NAO
2018;DF;BRASÍLIA;Deputado Distrital;TOMAZ;PATRI;NÃO ELEITO;1;2647;0.19;NAO
2018;DF;BRASÍLIA;Deputado Distrital;TONINHO DO PSOL;PSOL;SUPLENTE;1;3272;0.23;NAO
2018;DF;BRASÍLIA;Deputado Distrital;TONINHO MARATONISTA HOPE HOPE;PV;SUPLENTE;1;475;0.03;NAO
2018;DF;BRASÍLIA;Deputado Distrital;TRANQUILLINI;PRB;SUPLENTE;1;893;0.06;NAO
2018;DF;BRASÍLIA;Deputado Distrital;TÁCIO ROGÉRIO DOS RODOVIÁRIOS;AVANTE;SUPLENTE;1;647;0.05;NAO
2018;DF;BRASÍLIA;Deputado Distrital;TÂNIA ALVES CÔELHO;PSC;SUPLENTE;1;953;0.07;NAO
2018;DF;BRASÍLIA;Deputado Distrital;UDSON SOARES ;PR;SUPLENTE;1;487;0.03;NAO
2018;DF;BRASÍLIA;Deputado Distrital;UESLLEI ALMEIDA;PTC;SUPLENTE;1;213;0.02;NAO
2018;DF;BRASÍLIA;Deputado Distrital;ULISSES HIGINO;PV;SUPLENTE;1;311;0.02;NAO
2018;DF;BRASÍLIA;Deputado Distrital;ULISSIS LIMA;PROS;SUPLENTE;1;866;0.06;NAO
2018;DF;BRASÍLIA;Deputado Distrital;UZIAS MATOS;DEM;NÃO ELEITO;1;110;0.01;NAO
2018;DF;BRASÍLIA;Deputado Distrital;VAL SILVA RADIALISTA;PTC;SUPLENTE;1;198;0.01;NAO
2018;DF;BRASÍLIA;Deputado Distrital;VALDELINO BARCELOS;PP;ELEITO POR QP;1;9704;0.69;SIM
2018;DF;BRASÍLIA;Deputado Distrital;VALDEMAR FELIX;PR;SUPLENTE;1;132;0.01;NAO
2018;DF;BRASÍLIA;Deputado Distrital;VALDEMIR VIGILANTE;PR;SUPLENTE;1;591;0.04;NAO
2018;DF;BRASÍLIA;Deputado Distrital;VALERIA LINHARES;PSD;SUPLENTE;1;1904;0.13;NAO
2018;DF;BRASÍLIA;Deputado Distrital;VALÉRIO BANDA MARANATHA;PSC;SUPLENTE;1;5685;0.4;NAO
2018;DF;BRASÍLIA;Deputado Distrital;VAN OLIVEIRA;PRP;SUPLENTE;1;921;0.07;NAO
2018;DF;BRASÍLIA;Deputado Distrital;VANDA LAGO;PTC;SUPLENTE;1;224;0.02;NAO
2018;DF;BRASÍLIA;Deputado Distrital;VANDER LOPES;MDB;SUPLENTE;1;323;0.02;NAO
2018;DF;BRASÍLIA;Deputado Distrital;VANESSA GOUVEA;PSL;NÃO ELEITO;1;338;0.02;NAO
2018;DF;BRASÍLIA;Deputado Distrital;VANESSA VANONY;PSC;SUPLENTE;1;552;0.04;NAO
2018;DF;BRASÍLIA;Deputado Distrital;VANIA COELHO;PROS;SUPLENTE;1;278;0.02;NAO
2018;DF;BRASÍLIA;Deputado Distrital;VAVA GARÇOM;PSD;SUPLENTE;1;168;0.01;NAO
2018;DF;BRASÍLIA;Deputado Distrital;VAVÁ É LEGAL FRENTISTA;PTC;SUPLENTE;1;487;0.03;NAO
2018;DF;BRASÍLIA;Deputado Distrital;VENCESLAU GUIMARAES;PROS;SUPLENTE;1;690;0.05;NAO
2018;DF;BRASÍLIA;Deputado Distrital;VENÊ;PPS;NÃO ELEITO;1;106;0.01;NAO
2018;DF;BRASÍLIA;Deputado Distrital;VERA SEVERINO;PTB;SUPLENTE;1;295;0.02;NAO
2018;DF;BRASÍLIA;Deputado Distrital;VICEMAR MEDEIROS;PTC;SUPLENTE;1;889;0.06;NAO
2018;DF;BRASÍLIA;Deputado Distrital;VICTOR OKUBO;PRP;SUPLENTE;1;906;0.06;NAO
2018;DF;BRASÍLIA;Deputado Distrital;VIGILANTE SURICATA;PDT;SUPLENTE;1;113;0.01;NAO
2018;DF;BRASÍLIA;Deputado Distrital;VINICIUS;DC;NÃO ELEITO;1;310;0.02;NAO
2018;DF;BRASÍLIA;Deputado Distrital;VINÓLIA PORTUGAL;MDB;SUPLENTE;1;122;0.01;NAO
2018;DF;BRASÍLIA;Deputado Distrital;VIRGÍLIO NETO;PSB;SUPLENTE;1;5016;0.35;NAO
2018;DF;BRASÍLIA;Deputado Distrital;VIRIDIANO BRITO;PT;SUPLENTE;1;912;0.06;NAO
2018;DF;BRASÍLIA;Deputado Distrital;VIVIANE;PODE;SUPLENTE;1;24;0.0;NAO
2018;DF;BRASÍLIA;Deputado Distrital;VÂNIA GURGEL;PP;SUPLENTE;1;4854;0.34;NAO
2018;DF;BRASÍLIA;Deputado Distrital;VÍTOR AQUINO;NOVO;SUPLENTE;1;412;0.03;NAO
2018;DF;BRASÍLIA;Deputado Distrital;WALDIR CORDEIRO;REDE;SUPLENTE;1;6039;0.43;NAO
2018;DF;BRASÍLIA;Deputado Distrital;WALTER MARCELO;DEM;NÃO ELEITO;1;795;0.06;NAO
2018;DF;BRASÍLIA;Deputado Distrital;WANDER MACIEL;PT;SUPLENTE;1;419;0.03;NAO
2018;DF;BRASÍLIA;Deputado Distrital;WASHINGTON LÍDER COMUNITÁRIO;SOLIDARIEDADE;SUPLENTE;1;2064;0.15;NAO
2018;DF;BRASÍLIA;Deputado Distrital;WASHINGTON MESQUITA;PTB;SUPLENTE;1;6706;0.47;NAO
2018;DF;BRASÍLIA;Deputado Distrital;WASHINGTON SILVA;PHS;SUPLENTE;1;219;0.02;NAO
2018;DF;BRASÍLIA;Deputado Distrital;WELLINGTON LUIZ;MDB;SUPLENTE;1;11663;0.82;NAO
2018;DF;BRASÍLIA;Deputado Distrital;WELTON JOSÉ;PATRI;NÃO ELEITO;1;60;0.0;NAO
2018;DF;BRASÍLIA;Deputado Distrital;WESLEY MOURA;DC;NÃO ELEITO;1;1901;0.13;NAO
2018;DF;BRASÍLIA;Deputado Distrital;WILKERSON FERREIRA;AVANTE;SUPLENTE;1;244;0.02;NAO
2018;DF;BRASÍLIA;Deputado Distrital;WILLIAN VINIL;MDB;SUPLENTE;1;167;0.01;NAO
2018;DF;BRASÍLIA;Deputado Distrital;WILSON GONÇALVES;SOLIDARIEDADE;SUPLENTE;1;189;0.01;NAO
2018;DF;BRASÍLIA;Deputado Distrital;WILSON MENDES;PRTB;SUPLENTE;1;195;0.01;NAO
2018;DF;BRASÍLIA;Deputado Distrital;WILTON BICA;MDB;SUPLENTE;1;377;0.03;NAO
2018;DF;BRASÍLIA;Deputado Distrital;WINSTON;PRP;SUPLENTE;1;5400;0.38;NAO
2018;DF;BRASÍLIA;Deputado Distrital;WINSTON COSTA;PR;SUPLENTE;1;85;0.01;NAO
2018;DF;BRASÍLIA;Deputado Distrital;WOLVERINE;PPL;NÃO ELEITO;1;482;0.03;NAO
2018;DF;BRASÍLIA;Deputado Distrital;WUNILBERTO MELO;AVANTE;SUPLENTE;1;178;0.01;NAO
2018;DF;BRASÍLIA;Deputado Distrital;YURI MAIA;PPS;NÃO ELEITO;1;674;0.05;NAO
2018;DF;BRASÍLIA;Deputado Distrital;ZAQUEU BRAGA;PSOL;SUPLENTE;1;1225;0.09;NAO
2018;DF;BRASÍLIA;Deputado Distrital;ZENON LUZ;MDB;SUPLENTE;1;284;0.02;NAO
2018;DF;BRASÍLIA;Deputado Distrital;ZEZINHO;PATRI;NÃO ELEITO;1;234;0.02;NAO
2018;DF;BRASÍLIA;Deputado Distrital;ZILLER;PSB;SUPLENTE;1;8317;0.59;NAO
2018;DF;BRASÍLIA;Deputado Distrital;ZITO MOURÃO;PPL;NÃO ELEITO;1;139;0.01;NAO
2018;DF;BRASÍLIA;Deputado Distrital;ZUILA;PTB;SUPLENTE;1;277;0.02;NAO
2018;DF;BRASÍLIA;Deputado Distrital;ZÉ BIDOLA;PSD;SUPLENTE;1;141;0.01;NAO
2018;DF;BRASÍLIA;Deputado Distrital;ZÉ NILTON;PRB;SUPLENTE;1;1092;0.08;NAO
2018;DF;BRASÍLIA;Deputado Distrital;ZÉ WILSON;MDB;SUPLENTE;1;270;0.02;NAO
2018;DF;BRASÍLIA;Deputado Distrital;É DANIEL E PRONTO;PPS;NÃO ELEITO;1;1131;0.08;NAO
2018;DF;BRASÍLIA;Deputado Federal;ABIAS DE SOUSA SILVA;PT;SUPLENTE;1;1279;0.09;NAO
2018;DF;BRASÍLIA;Deputado Federal;ADALBERTO IMBRÓSIO;PRP;SUPLENTE;1;6582;0.49;NAO
2018;DF;BRASÍLIA;Deputado Federal;ADRIANA FARIA;REDE;SUPLENTE;1;8225;0.61;NAO
2018;DF;BRASÍLIA;Deputado Federal;AGENTE D SOUSA;AVANTE;SUPLENTE;1;2911;0.22;NAO
2018;DF;BRASÍLIA;Deputado Federal;ALEXANDRE LIRA LGBTI;AVANTE;SUPLENTE;1;575;0.04;NAO
2018;DF;BRASÍLIA;Deputado Federal;AMARAL;DC;NÃO ELEITO;1;331;0.02;NAO
2018;DF;BRASÍLIA;Deputado Federal;AMERICA BONFIM;PT;SUPLENTE;1;4088;0.3;NAO
2018;DF;BRASÍLIA;Deputado Federal;ANA ELIZA;AVANTE;SUPLENTE;1;407;0.03;NAO
2018;DF;BRASÍLIA;Deputado Federal;ANA PRESTES;PC do B;SUPLENTE;1;5497;0.41;NAO
2018;DF;BRASÍLIA;Deputado Federal;ANDREIA GOMES DOS ANIMAIS;AVANTE;SUPLENTE;1;2266;0.17;NAO
2018;DF;BRASÍLIA;Deputado Federal;ANDRÉIA MOURA;PSDB;SUPLENTE;1;1583;0.12;NAO
2018;DF;BRASÍLIA;Deputado Federal;ANGELO BALBINO;PSOL;NÃO ELEITO;1;615;0.05;NAO
2018;DF;BRASÍLIA;Deputado Federal;ANGELO DONGA;REDE;SUPLENTE;1;3002;0.22;NAO
2018;DF;BRASÍLIA;Deputado Federal;ANJULI;PSOL;NÃO ELEITO;1;7588;0.56;NAO
2018;DF;BRASÍLIA;Deputado Federal;ANTONIO CARDOSO;PSOL;NÃO ELEITO;1;436;0.03;NAO
2018;DF;BRASÍLIA;Deputado Federal;ARAJÚ SEPETI GUARANI;PPS;SUPLENTE;1;303;0.02;NAO
2018;DF;BRASÍLIA;Deputado Federal;ASSIS MARINHO;NOVO;NÃO ELEITO;1;5993;0.44;NAO
2018;DF;BRASÍLIA;Deputado Federal;AUGUSTO CARVALHO;SOLIDARIEDADE;SUPLENTE;1;24634;1.82;NAO
2018;DF;BRASÍLIA;Deputado Federal;BELLE BORGES;NOVO;NÃO ELEITO;1;15501;1.15;NAO
2018;DF;BRASÍLIA;Deputado Federal;BIA KICIS;PRP;ELEITO POR MÉDIA;1;86415;6.39;SIM
2018;DF;BRASÍLIA;Deputado Federal;BISPA CONSOLAÇÃO;PHS;NÃO ELEITO;1;465;0.03;NAO
2018;DF;BRASÍLIA;Deputado Federal;CAMPANELLA;PPL;NÃO ELEITO;1;325;0.02;NAO
2018;DF;BRASÍLIA;Deputado Federal;CAPITÃO ROBERTO BOMBEIRO;PRTB;SUPLENTE;1;1357;0.1;NAO
2018;DF;BRASÍLIA;Deputado Federal;CARLOS AROUCK;PRP;SUPLENTE;1;913;0.07;NAO
2018;DF;BRASÍLIA;Deputado Federal;CARLÃO;DC;NÃO ELEITO;1;228;0.02;NAO
2018;DF;BRASÍLIA;Deputado Federal;CELINA LEÃO;PP;ELEITO POR MÉDIA;1;31610;2.34;SIM
2018;DF;BRASÍLIA;Deputado Federal;CHRISTIANE TABOSA;PRTB;SUPLENTE;1;236;0.02;NAO
2018;DF;BRASÍLIA;Deputado Federal;CIRO FREITAS;PMN;NÃO ELEITO;1;1836;0.14;NAO
2018;DF;BRASÍLIA;Deputado Federal;CLAUDINHA DA SAÚDE;PSDB;SUPLENTE;1;2485;0.18;NAO
2018;DF;BRASÍLIA;Deputado Federal;COMANDANTE ABOUD;PSL;SUPLENTE;1;14672;1.08;NAO
2018;DF;BRASÍLIA;Deputado Federal;CORONEL CHARLES MAGALHAES;PROS;NÃO ELEITO;1;11114;0.82;NAO
2018;DF;BRASÍLIA;Deputado Federal;CORONEL WELLINGTON;DEM;SUPLENTE;1;2160;0.16;NAO
2018;DF;BRASÍLIA;Deputado Federal;CRISTINA ROBERTO;PT;SUPLENTE;1;2012;0.15;NAO
2018;DF;BRASÍLIA;Deputado Federal;DANIEL PXEIRA;PT;SUPLENTE;1;1188;0.09;NAO
2018;DF;BRASÍLIA;Deputado Federal;DEFENSOR KLEBER;AVANTE;SUPLENTE;1;5286;0.39;NAO
2018;DF;BRASÍLIA;Deputado Federal;DELEGADO FEDERAL LEIRO;PPS;SUPLENTE;1;5464;0.4;NAO
2018;DF;BRASÍLIA;Deputado Federal;DERSON MAIA;PDT;SUPLENTE;1;5478;0.4;NAO
2018;DF;BRASÍLIA;Deputado Federal;DIEGO MAIA;NOVO;NÃO ELEITO;1;3437;0.25;NAO
2018;DF;BRASÍLIA;Deputado Federal;DINAIR BARROS;PPL;NÃO ELEITO;1;290;0.02;NAO
2018;DF;BRASÍLIA;Deputado Federal;DR. CHARLES;PHS;NÃO ELEITO;1;11372;0.84;NAO
2018;DF;BRASÍLIA;Deputado Federal;DRA. FÁTIMA;PROS;NÃO ELEITO;1;2110;0.16;NAO
2018;DF;BRASÍLIA;Deputado Federal;DRA. RAQUEL COSTA RIBEIRO;PR;SUPLENTE;1;840;0.06;NAO
2018;DF;BRASÍLIA;Deputado Federal;EDIMAR PIRENEUS;MDB;SUPLENTE;1;5858;0.43;NAO
2018;DF;BRASÍLIA;Deputado Federal;EDISON CEILANDIA;PSOL;NÃO ELEITO;1;476;0.04;NAO
2018;DF;BRASÍLIA;Deputado Federal;EDU ATILA;PPL;NÃO ELEITO;1;207;0.02;NAO
2018;DF;BRASÍLIA;Deputado Federal;EDUARDO CUSTO ZERO;PPS;SUPLENTE;1;4652;0.34;NAO
2018;DF;BRASÍLIA;Deputado Federal;ELCIMARA;PSTU;NÃO ELEITO;1;734;0.05;NAO
2018;DF;BRASÍLIA;Deputado Federal;ELISA ROBSON;PRP;SUPLENTE;1;11638;0.86;NAO
2018;DF;BRASÍLIA;Deputado Federal;ERICK ANDRADE;PSOL;NÃO ELEITO;1;1084;0.08;NAO
2018;DF;BRASÍLIA;Deputado Federal;ERIKA KOKAY;PT;ELEITO POR MÉDIA;1;89986;6.65;SIM
2018;DF;BRASÍLIA;Deputado Federal;ESTÉFANE CABEÇA BRANCA;PDT;SUPLENTE;1;1479;0.11;NAO
2018;DF;BRASÍLIA;Deputado Federal;ETIENO - O AGENTE DA SAUDE;PPL;NÃO ELEITO;1;4441;0.33;NAO
2018;DF;BRASÍLIA;Deputado Federal;EVELIN MACIEL;PSOL;NÃO ELEITO;1;1492;0.11;NAO
2018;DF;BRASÍLIA;Deputado Federal;EXPEDITO VELOSO;PT;SUPLENTE;1;3021;0.22;NAO
2018;DF;BRASÍLIA;Deputado Federal;FELLIPE PASSOS;DC;NÃO ELEITO;1;407;0.03;NAO
2018;DF;BRASÍLIA;Deputado Federal;FERNANDO HORTA;PT;SUPLENTE;1;435;0.03;NAO
2018;DF;BRASÍLIA;Deputado Federal;FILIPPELLI;MDB;SUPLENTE;1;27917;2.06;NAO
2018;DF;BRASÍLIA;Deputado Federal;FLAUZINO ANTUNES;PPL;NÃO ELEITO;1;823;0.06;NAO
2018;DF;BRASÍLIA;Deputado Federal;FLAVIA ARRUDA;PR;ELEITO POR QP;1;121340;8.97;SIM
2018;DF;BRASÍLIA;Deputado Federal;FLAVIO PIKANA;DC;NÃO ELEITO;1;572;0.04;NAO
2018;DF;BRASÍLIA;Deputado Federal;FLÁVIO WERNECK;PHS;NÃO ELEITO;1;11320;0.84;NAO
2018;DF;BRASÍLIA;Deputado Federal;FRANCIMAR;PSC;SUPLENTE;1;3130;0.23;NAO
2018;DF;BRASÍLIA;Deputado Federal;FRANCISCA ROCHA;PPL;NÃO ELEITO;1;232;0.02;NAO
2018;DF;BRASÍLIA;Deputado Federal;FRANCISCO LUCIO;PR;SUPLENTE;1;6457;0.48;NAO
2018;DF;BRASÍLIA;Deputado Federal;FRANCISCO WELLINGTON;PRP;SUPLENTE;1;886;0.07;NAO
2018;DF;BRASÍLIA;Deputado Federal;GEORGIOS;PTC;NÃO ELEITO;1;7682;0.57;NAO
2018;DF;BRASÍLIA;Deputado Federal;GESSYCA;PT;SUPLENTE;1;1461;0.11;NAO
2018;DF;BRASÍLIA;Deputado Federal;GILDETE;DC;NÃO ELEITO;1;145;0.01;NAO
2018;DF;BRASÍLIA;Deputado Federal;GISELIA;NOVO;NÃO ELEITO;1;2269;0.17;NAO
2018;DF;BRASÍLIA;Deputado Federal;GIULIANE DIAS DA CEILÂNDIA;AVANTE;SUPLENTE;1;547;0.04;NAO
2018;DF;BRASÍLIA;Deputado Federal;HELÔ PIRES;PSOL;NÃO ELEITO;1;115;0.01;NAO
2018;DF;BRASÍLIA;Deputado Federal;HÉLIO JOSÉ;PROS;NÃO ELEITO;1;16529;1.22;NAO
2018;DF;BRASÍLIA;Deputado Federal;INOCÊNCIO CALTAGIRONI;PSOL;NÃO ELEITO;1;257;0.02;NAO
2018;DF;BRASÍLIA;Deputado Federal;ISAAC SILVA;PPL;NÃO ELEITO;1;516;0.04;NAO
2018;DF;BRASÍLIA;Deputado Federal;ISANIL;AVANTE;SUPLENTE;1;4129;0.31;NAO
2018;DF;BRASÍLIA;Deputado Federal;ITAMAR;PSOL;NÃO ELEITO;1;274;0.02;NAO
2018;DF;BRASÍLIA;Deputado Federal;JACÓ;PSOL;NÃO ELEITO;1;693;0.05;NAO
2018;DF;BRASÍLIA;Deputado Federal;JAMIL MAGARI PCB;PCB;NÃO ELEITO;1;206;0.02;NAO
2018;DF;BRASÍLIA;Deputado Federal;JANETE ALMEIDA;PRP;SUPLENTE;1;726;0.05;NAO
2018;DF;BRASÍLIA;Deputado Federal;JEFERSON MAXIMINO;PPL;NÃO ELEITO;1;489;0.04;NAO
2018;DF;BRASÍLIA;Deputado Federal;JOAO SEM TERRA;PPL;NÃO ELEITO;1;242;0.02;NAO
2018;DF;BRASÍLIA;Deputado Federal;JOAQUIM RODRIGUES;PT;SUPLENTE;1;791;0.06;NAO
2018;DF;BRASÍLIA;Deputado Federal;JOAQUIM RORIZ;PROS;NÃO ELEITO;1;31455;2.32;NAO
2018;DF;BRASÍLIA;Deputado Federal;JOSE LOPES;PSC;SUPLENTE;1;2146;0.16;NAO
2018;DF;BRASÍLIA;Deputado Federal;JOSIVALDO FEITOSA;DC;NÃO ELEITO;1;214;0.02;NAO
2018;DF;BRASÍLIA;Deputado Federal;JOÃO DE MARTINS;PRP;SUPLENTE;1;321;0.02;NAO
2018;DF;BRASÍLIA;Deputado Federal;JOÃO SÁ SÁ;PMN;NÃO ELEITO;1;683;0.05;NAO
2018;DF;BRASÍLIA;Deputado Federal;JOÃO TERRA;DC;NÃO ELEITO;1;258;0.02;NAO
2018;DF;BRASÍLIA;Deputado Federal;JULIO CESAR;PRB;ELEITO POR QP;1;79775;5.9;SIM
2018;DF;BRASÍLIA;Deputado Federal;JUNIOR XUKURU;PSOL;NÃO ELEITO;1;710;0.05;NAO
2018;DF;BRASÍLIA;Deputado Federal;JUSTINO CARVALHO;PR;SUPLENTE;1;356;0.03;NAO
2018;DF;BRASÍLIA;Deputado Federal;KAMUU DAN;REDE;SUPLENTE;1;1623;0.12;NAO
2018;DF;BRASÍLIA;Deputado Federal;LAERTE BESSA;PR;SUPLENTE;1;28526;2.11;NAO
2018;DF;BRASÍLIA;Deputado Federal;LEANDRO NARDY;PSDB;SUPLENTE;1;1141;0.08;NAO
2018;DF;BRASÍLIA;Deputado Federal;LEOCLIDES ARRUDA;REDE;SUPLENTE;1;1833;0.14;NAO
2018;DF;BRASÍLIA;Deputado Federal;LINEUDA DA SUSTENTABILIDADE;PROS;NÃO ELEITO;1;388;0.03;NAO
2018;DF;BRASÍLIA;Deputado Federal;LOURIVAL AZEVEDO;PMN;NÃO ELEITO;1;373;0.03;NAO
2018;DF;BRASÍLIA;Deputado Federal;LUIS MIRANDA;DEM;ELEITO POR MÉDIA;1;65107;4.81;SIM
2018;DF;BRASÍLIA;Deputado Federal;LURI SAEKI;PTC;NÃO ELEITO;1;364;0.03;NAO
2018;DF;BRASÍLIA;Deputado Federal;LÉO MATOS;PDT;SUPLENTE;1;16292;1.2;NAO
2018;DF;BRASÍLIA;Deputado Federal;MAGELLINHA;PT;SUPLENTE;1;831;0.06;NAO
2018;DF;BRASÍLIA;Deputado Federal;MAICON CARVALHO;DC;NÃO ELEITO;1;173;0.01;NAO
2018;DF;BRASÍLIA;Deputado Federal;MAJOR PAULO THIAGO;PRTB;SUPLENTE;1;1504;0.11;NAO
2018;DF;BRASÍLIA;Deputado Federal;MANINHA;PSOL;NÃO ELEITO;1;6837;0.51;NAO
2018;DF;BRASÍLIA;Deputado Federal;MARCELO TIGRE;PSDB;SUPLENTE;1;1320;0.1;NAO
2018;DF;BRASÍLIA;Deputado Federal;MARCOS DANTAS;PSB;SUPLENTE;1;18504;1.37;NAO
2018;DF;BRASÍLIA;Deputado Federal;MARIA ABADIA;PSB;SUPLENTE;1;24575;1.82;NAO
2018;DF;BRASÍLIA;Deputado Federal;MAURÍLIO DF;REDE;SUPLENTE;1;4123;0.3;NAO
2018;DF;BRASÍLIA;Deputado Federal;MEIRE MOTA;MDB;SUPLENTE;1;2936;0.22;NAO
2018;DF;BRASÍLIA;Deputado Federal;MIGUEL LUCENA;PTB;NÃO ELEITO;1;4243;0.31;NAO
2018;DF;BRASÍLIA;Deputado Federal;MIRA DA SAÚDE;PSC;SUPLENTE;1;1229;0.09;NAO
2018;DF;BRASÍLIA;Deputado Federal;MIRIAM STEIN;PRTB;SUPLENTE;1;451;0.03;NAO
2018;DF;BRASÍLIA;Deputado Federal;NAIARA LOURENÇO;PTC;NÃO ELEITO;1;103;0.01;NAO
2018;DF;BRASÍLIA;Deputado Federal;NATHAN BELCAVELLO;PSOL;NÃO ELEITO;1;202;0.01;NAO
2018;DF;BRASÍLIA;Deputado Federal;NEVITON SANGUE BOM;PROS;NÃO ELEITO;1;3389;0.25;NAO
2018;DF;BRASÍLIA;Deputado Federal;NEWTON LINS;PSL;SUPLENTE;1;6828;0.5;NAO
2018;DF;BRASÍLIA;Deputado Federal;OLAIR;PP;SUPLENTE;1;20268;1.5;NAO
2018;DF;BRASÍLIA;Deputado Federal;OSCAR SILVA;PRP;SUPLENTE;1;2990;0.22;NAO
2018;DF;BRASÍLIA;Deputado Federal;OSNI CALIXTO;PT;SUPLENTE;1;495;0.04;NAO
2018;DF;BRASÍLIA;Deputado Federal;PASTOR MANOEL;PROS;NÃO ELEITO;1;13981;1.03;NAO
2018;DF;BRASÍLIA;Deputado Federal;PASTORA FATIMA ROQUE;PMN;NÃO ELEITO;1;912;0.07;NAO
2018;DF;BRASÍLIA;Deputado Federal;PAULA BELMONTE;PPS;ELEITO POR MÉDIA;1;46069;3.4;SIM
2018;DF;BRASÍLIA;Deputado Federal;PAULO FERNANDO;PATRI;NÃO ELEITO;1;31183;2.3;NAO
2018;DF;BRASÍLIA;Deputado Federal;PAULO RORIZ;PSDB;SUPLENTE;1;11970;0.88;NAO
2018;DF;BRASÍLIA;Deputado Federal;PROFESSOR GADELHA;PDT;SUPLENTE;1;13198;0.98;NAO
2018;DF;BRASÍLIA;Deputado Federal;PROFESSOR GERARDO;PTC;NÃO ELEITO;1;2696;0.2;NAO
2018;DF;BRASÍLIA;Deputado Federal;PROFESSOR ISRAEL;PV;ELEITO POR QP;1;67598;5.0;SIM
2018;DF;BRASÍLIA;Deputado Federal;PROFESSOR MANOEL FILHO;PC do B;SUPLENTE;1;762;0.06;NAO
2018;DF;BRASÍLIA;Deputado Federal;PROFESSOR PACCO;PODE;SUPLENTE;1;39300;2.9;NAO
2018;DF;BRASÍLIA;Deputado Federal;PROFESSOR VIRGILIO;DC;NÃO ELEITO;1;434;0.03;NAO
2018;DF;BRASÍLIA;Deputado Federal;PROFESSORA CLEMENTINA;PRB;SUPLENTE;1;317;0.02;NAO
2018;DF;BRASÍLIA;Deputado Federal;RAYSSA TOMAZ;PV;SUPLENTE;1;2848;0.21;NAO
2018;DF;BRASÍLIA;Deputado Federal;REBECA GOMES;PT;SUPLENTE;1;1470;0.11;NAO
2018;DF;BRASÍLIA;Deputado Federal;RENATO SANTANA;PSD;SUPLENTE;1;31379;2.32;NAO
2018;DF;BRASÍLIA;Deputado Federal;RICK MARANTZ;PPL;NÃO ELEITO;1;1532;0.11;NAO
2018;DF;BRASÍLIA;Deputado Federal;RODGER DO GRUPO DE EMPREGOS;DC;NÃO ELEITO;1;651;0.05;NAO
2018;DF;BRASÍLIA;Deputado Federal;RODRIGO FREIRE;NOVO;NÃO ELEITO;1;22216;1.64;NAO
2018;DF;BRASÍLIA;Deputado Federal;ROGÉRIO DA VEIGA;PSOL;NÃO ELEITO;1;1230;0.09;NAO
2018;DF;BRASÍLIA;Deputado Federal;ROMUALDO JOW;PSDB;SUPLENTE;1;422;0.03;NAO
2018;DF;BRASÍLIA;Deputado Federal;SABINO;PT;SUPLENTE;1;5306;0.39;NAO
2018;DF;BRASÍLIA;Deputado Federal;SAMIA WALESKA;PTC;NÃO ELEITO;1;289;0.02;NAO
2018;DF;BRASÍLIA;Deputado Federal;SARGENTO ELIOMAR RODRIGUES;PTC;NÃO ELEITO;1;17265;1.28;NAO
2018;DF;BRASÍLIA;Deputado Federal;SARGENTO EVERALDO;AVANTE;SUPLENTE;1;2268;0.17;NAO
2018;DF;BRASÍLIA;Deputado Federal;SARGENTO HERLAN;PSDB;SUPLENTE;1;517;0.04;NAO
2018;DF;BRASÍLIA;Deputado Federal;SEU GABINETE;PSDB;SUPLENTE;1;2517;0.19;NAO
2018;DF;BRASÍLIA;Deputado Federal;SGT ADRIANO OLIVEIRA;PRP;SUPLENTE;1;5515;0.41;NAO
2018;DF;BRASÍLIA;Deputado Federal;SUZANGELA LEÃO DE JUDÁ;PSC;SUPLENTE;1;2562;0.19;NAO
2018;DF;BRASÍLIA;Deputado Federal;TALITA VICTOR;PSOL;NÃO ELEITO;1;12376;0.91;NAO
2018;DF;BRASÍLIA;Deputado Federal;TATU;PMB;NÃO ELEITO;1;8851;0.65;NAO
2018;DF;BRASÍLIA;Deputado Federal;THAYNARA;REDE;SUPLENTE;1;5449;0.4;NAO
2018;DF;BRASÍLIA;Deputado Federal;THIAGO MANZONI;NOVO;NÃO ELEITO;1;11610;0.86;NAO
2018;DF;BRASÍLIA;Deputado Federal;TIM;PT;SUPLENTE;1;2296;0.17;NAO
2018;DF;BRASÍLIA;Deputado Federal;VALDIR MIRANDA;PPL;NÃO ELEITO;1;694;0.05;NAO
2018;DF;BRASÍLIA;Deputado Federal;VANESSA É O BICHO;PT;SUPLENTE;1;6020;0.44;NAO
2018;DF;BRASÍLIA;Deputado Federal;VERONICA GOULART;PPL;NÃO ELEITO;1;496;0.04;NAO
2018;DF;BRASÍLIA;Deputado Federal;VIRNA SMITH;DEM;SUPLENTE;1;2532;0.19;NAO
2018;DF;BRASÍLIA;Deputado Federal;VIVIANE GOMES;PPL;NÃO ELEITO;1;42;0.0;NAO
2018;DF;BRASÍLIA;Deputado Federal;WALTER CELIO;PT;SUPLENTE;1;170;0.01;NAO
2018;DF;BRASÍLIA;Deputado Federal;WILL GODOY;PSL;SUPLENTE;1;14012;1.04;NAO
2018;DF;BRASÍLIA;Deputado Federal;WILSON GREY;PRTB;SUPLENTE;1;604;0.04;NAO
2018;DF;BRASÍLIA;Deputado Federal;WILSON NOBRE;PRB;SUPLENTE;1;1204;0.09;NAO
2018;DF;BRASÍLIA;Deputado Federal;ZÉ EDMAR;PMN;NÃO ELEITO;1;9087;0.67;NAO
2018;DF;BRASÍLIA;Governador;ALBERTO FRAGA;DEM;NÃO ELEITO;1;88840;5.88;NAO
2018;DF;BRASÍLIA;Governador;ALEXANDRE GUERRA;NOVO;NÃO ELEITO;1;63261;4.19;NAO
2018;DF;BRASÍLIA;Governador;ELIANA PEDROSA;PROS;NÃO ELEITO;1;105579;6.99;NAO
2018;DF;BRASÍLIA;Governador;FÁTIMA SOUSA;PSOL;NÃO ELEITO;1;65648;4.35;NAO
2018;DF;BRASÍLIA;Governador;GENERAL PAULO CHAGAS;PRP;NÃO ELEITO;1;110973;7.35;NAO
2018;DF;BRASÍLIA;Governador;GUILLEN;PSTU;NÃO ELEITO;1;1272;0.08;NAO
2018;DF;BRASÍLIA;Governador;IBANEIS;MDB;2º TURNO;1;634008;41.97;NAO
2018;DF;BRASÍLIA;Governador;IBANEIS;MDB;ELEITO;2;1042574;69.79;SIM
2018;DF;BRASÍLIA;Governador;JÚLIO MIRAGAYA;PT;NÃO ELEITO;1;60592;4.01;NAO
2018;DF;BRASÍLIA;Governador;RODRIGO ROLLEMBERG;PSB;2º TURNO;1;210510;13.94;NAO
2018;DF;BRASÍLIA;Governador;RODRIGO ROLLEMBERG;PSB;NÃO ELEITO;2;451329;30.21;NAO
2018;DF;BRASÍLIA;Governador;ROGÉRIO ROSSO;PSD;NÃO ELEITO;1;169785;11.24;NAO
2018;DF;BRASÍLIA;Senador;BRIGADEIRO ATILA MAIA;PRTB;NÃO ELEITO;1;135573;5.15;NAO
2018;DF;BRASÍLIA;Senador;CHICO LEITE;REDE;NÃO ELEITO;1;195641;7.43;NAO
2018;DF;BRASÍLIA;Senador;CHICO SANT ANNA;PSOL;NÃO ELEITO;1;17074;0.65;NAO
2018;DF;BRASÍLIA;Senador;CRISTOVAM BUARQUE;PPS;NÃO ELEITO;1;317778;12.06;NAO
2018;DF;BRASÍLIA;Senador;FADI FARAJ;PRP;NÃO ELEITO;1;268078;10.18;NAO
2018;DF;BRASÍLIA;Senador;FERNANDO MARQUES;SOLIDARIEDADE;NÃO ELEITO;1;124904;4.74;NAO
2018;DF;BRASÍLIA;Senador;IZALCI;PSDB;ELEITO;1;403735;15.33;SIM
2018;DF;BRASÍLIA;Senador;JUIZ EVERARDO RIBEIRO;PMN;NÃO ELEITO;1;77682;2.95;NAO
2018;DF;BRASÍLIA;Senador;LEILA DO VÔLEI;PSB;ELEITO;1;467787;17.76;SIM
2018;DF;BRASÍLIA;Senador;MARCELO NEVES;PT;NÃO ELEITO;1;73753;2.8;NAO
2018;DF;BRASÍLIA;Senador;MARIVALDO PEREIRA;PSOL;NÃO ELEITO;1;83112;3.15;NAO
2018;DF;BRASÍLIA;Senador;PAULO ROQUE ;NOVO;NÃO ELEITO;1;202834;7.7;NAO
2018;DF;BRASÍLIA;Senador;PROFESSORA AMÁBILE;PR;NÃO ELEITO;1;43089;1.64;NAO
2018;DF;BRASÍLIA;Senador;ROBSON;PSTU;NÃO ELEITO;1;5319;0.2;NAO
2018;DF;BRASÍLIA;Senador;WASNY;PT;NÃO ELEITO;1;218058;8.28;NAO
